device_label,split_segment,channel_segment,early_tracked_events,early_actions,deliberate_share,later_active,best_grid_score,nested_top3_score
D001,고밀도+의도행동 많음,토스 관측,184,111,0.6032608695652174,True,0.9732713211305266,0.9552669629252086
D002,고밀도+의도행동 많음,메인·웹만,41,7,0.1707317073170731,True,0.8729890800287197,0.8526738439703273
D003,저밀도+의도행동 없음,메인·웹만,4,0,0.0,False,0.0584900158065709,0.09070239859374912
D004,저밀도+의도행동 없음,메인·웹만,4,0,0.0,False,0.058323606323421026,0.08966419865903462
D005,저밀도+의도행동 없음,메인·웹만,3,0,0.0,False,0.03184011261446395,0.05667312636389234
D006,저밀도+의도행동 없음,토스 관측,7,0,0.0,False,0.11485042995068001,0.19189692904682168
D007,저밀도+의도행동 없음,메인·웹만,5,0,0.0,False,0.09975104121824745,0.14860414444573372
D008,고밀도+의도행동 많음,토스 관측,230,100,0.4347826086956521,True,0.9289265644445136,0.9128101778258404
D009,고밀도+의도행동 많음,토스 관측,165,88,0.5333333333333333,True,0.9464096054520752,0.9570786047391489
D010,저밀도+의도행동 없음,메인·웹만,5,0,0.0,False,0.1637079977389084,0.1965400655153848
D011,고밀도+의도행동 많음,토스 관측,310,219,0.7064516129032258,True,0.991784217526078,0.9827026297673868
D012,고밀도+의도행동 적음,메인·웹만,29,3,0.1034482758620689,False,0.15640484802662546,0.2376769708458218
D013,고밀도+의도행동 많음,토스 관측,143,76,0.5314685314685315,True,0.9810755990691715,0.9712080877991894
D014,저밀도+의도행동 없음,토스 관측,13,0,0.0,False,0.28911956509129466,0.33435997021988023
D015,저밀도+의도행동 없음,토스 관측,6,0,0.0,False,0.07248838289793698,0.14487340844902996
D016,고밀도+의도행동 많음,토스 관측,87,47,0.5402298850574713,False,0.2322045675905525,0.32375712678550334
D017,저밀도+의도행동 없음,토스 관측,19,0,0.0,False,0.24148719642075236,0.296266020899093
D018,고밀도+의도행동 적음,토스 관측,20,0,0.0,True,0.30099167165340013,0.361977718131519
D019,저밀도+의도행동 없음,토스 관측,19,0,0.0,True,0.6508018472766968,0.6575190858894415
D020,저밀도+의도행동 없음,메인·웹만,6,0,0.0,False,0.2325868796434924,0.26368353428155433
D021,저밀도+의도행동 없음,토스 관측,11,0,0.0,False,0.13720755896986392,0.19051001610065657
D022,저밀도+의도행동 없음,메인·웹만,6,0,0.0,False,0.2350395708687412,0.2518764485726923
D023,저밀도+의도행동 없음,메인·웹만,10,0,0.0,False,0.6480353053040523,0.5580009129976178
D024,저밀도+의도행동 없음,메인·웹만,5,0,0.0,False,0.16061338640173778,0.1969476743012898
D025,저밀도+의도행동 없음,메인·웹만,5,0,0.0,False,0.1592789141376058,0.19951441617308335
D026,저밀도+의도행동 없음,메인·웹만,7,0,0.0,True,0.11431632066368837,0.1251424714904745
D027,저밀도+의도행동 없음,메인·웹만,4,0,0.0,False,0.06534098069636321,0.09913500027014951
D028,저밀도+의도행동 없음,메인·웹만,6,0,0.0,False,0.2443916130041104,0.2852795630957973
D029,저밀도+의도행동 없음,메인·웹만,4,0,0.0,False,0.05637199015510584,0.09170868787402328
D030,저밀도+의도행동 없음,메인·웹만,19,0,0.0,False,0.188075572826677,0.2556881408750259
D031,저밀도+의도행동 없음,토스 관측,14,0,0.0,False,0.20434067411390935,0.21539636765826708
D032,고밀도+의도행동 많음,토스 관측,33,7,0.2121212121212121,False,0.07803313841826055,0.11996800558951912
D033,저밀도+의도행동 없음,메인·웹만,4,0,0.0,False,0.05412689454264414,0.09519746072710104
D034,저밀도+의도행동 없음,메인·웹만,4,0,0.0,False,0.060351377783378866,0.10830930488839956
D035,고밀도+의도행동 많음,토스 관측,50,9,0.18,False,0.22484985865516066,0.29043171046699745
D036,저밀도+의도행동 없음,메인·웹만,4,0,0.0,False,0.06065325515642253,0.1057227716297473
D037,저밀도+의도행동 없음,메인·웹만,3,0,0.0,False,0.03068404535838564,0.06200541544219228
D038,저밀도+의도행동 없음,메인·웹만,3,0,0.0,False,0.029428173979260897,0.0515945371267713
D039,저밀도+의도행동 있음,토스 관측,19,1,0.0526315789473684,False,0.2203135635806291,0.29749635113244816
D040,저밀도+의도행동 없음,메인·웹만,4,0,0.0,False,0.057067321230179484,0.09830330500535568
D041,고밀도+의도행동 적음,메인·웹만,103,1,0.0097087378640776,True,0.8401973429459287,0.8263282639832985
D042,저밀도+의도행동 없음,메인·웹만,18,0,0.0,False,0.14517103870778125,0.21708588528435785
D043,저밀도+의도행동 없음,메인·웹만,5,0,0.0,False,0.0980267563332847,0.1292936277413798
D044,고밀도+의도행동 많음,토스 관측,42,14,0.3333333333333333,True,0.741955221222542,0.7707377812254174
D045,저밀도+의도행동 없음,메인·웹만,5,0,0.0,False,0.14585289812342545,0.20770498742159008
D046,고밀도+의도행동 많음,토스 관측,111,55,0.4954954954954955,False,0.27265602055393023,0.35965920808071666
D047,저밀도+의도행동 없음,메인·웹만,4,0,0.0,False,0.059319367802085174,0.09281094807920355
D048,저밀도+의도행동 없음,메인·웹만,6,0,0.0,False,0.23169397194108612,0.2557984875400081
D049,고밀도+의도행동 적음,토스 관측,24,0,0.0,False,0.07494961950759789,0.1630231968526616
D050,고밀도+의도행동 많음,토스 관측,50,21,0.42,False,0.7724733139020211,0.7577421245206122
D051,고밀도+의도행동 적음,토스 관측,21,0,0.0,False,0.11192079568171512,0.1542848288202367
D052,저밀도+의도행동 없음,메인·웹만,6,0,0.0,False,0.19984900362139849,0.2765493813155294
D053,저밀도+의도행동 없음,메인·웹만,16,0,0.0,False,0.12045983406701041,0.17309765491939463
D054,저밀도+의도행동 없음,메인·웹만,3,0,0.0,False,0.03026025348059569,0.06155959559565556
D055,고밀도+의도행동 적음,토스 관측,29,4,0.1379310344827586,False,0.465805774185883,0.5103273019976045
D056,저밀도+의도행동 없음,메인·웹만,5,0,0.0,False,0.17418303645311645,0.17412730279026062
D057,저밀도+의도행동 없음,토스 관측,18,0,0.0,False,0.248820425238112,0.2742981389872664
D058,고밀도+의도행동 많음,토스 관측,26,7,0.2692307692307692,False,0.07927897928932212,0.14011180202732443
D059,저밀도+의도행동 없음,토스 관측,13,0,0.0,False,0.28897511861817643,0.3328204636155784
D060,저밀도+의도행동 없음,토스 관측,18,0,0.0,False,0.21148034564338988,0.2853472012042712
D061,저밀도+의도행동 없음,메인·웹만,8,0,0.0,False,0.517163803002923,0.46917441658668213
D062,저밀도+의도행동 없음,토스 관측,12,0,0.0,False,0.05067160994616722,0.10551787735027227
D063,저밀도+의도행동 없음,메인·웹만,4,0,0.0,False,0.054451844271017937,0.10061927129954404
D064,저밀도+의도행동 없음,토스 관측,12,0,0.0,False,0.19189942252707304,0.2439831143727588
D065,저밀도+의도행동 없음,메인·웹만,6,0,0.0,False,0.21187323756394882,0.3105801115623975
D066,저밀도+의도행동 없음,토스 관측,16,0,0.0,False,0.19100043367705055,0.2256496032763032
D067,고밀도+의도행동 적음,토스 관측,61,5,0.081967213114754,False,0.7015295085049489,0.7076790664121153
D068,고밀도+의도행동 많음,토스 관측,90,38,0.4222222222222222,False,0.5717079793910445,0.5320276419256026
D069,저밀도+의도행동 없음,토스 관측,11,0,0.0,False,0.1900070994995394,0.25199690195371904
D070,저밀도+의도행동 없음,토스 관측,13,0,0.0,False,0.18128285134682243,0.27284662866101406
D071,저밀도+의도행동 없음,메인·웹만,5,0,0.0,False,0.15659394204615712,0.20740550813086173
D072,고밀도+의도행동 적음,메인·웹만,28,0,0.0,True,0.9728181447060417,0.966120614395901
D073,저밀도+의도행동 없음,메인·웹만,6,0,0.0,False,0.2308423267444869,0.267694026357973
D074,고밀도+의도행동 적음,토스 관측,20,2,0.1,False,0.10966614651442735,0.19265573508593686
D075,저밀도+의도행동 없음,메인·웹만,5,0,0.0,False,0.16704344884572275,0.1944414650196185
D076,고밀도+의도행동 많음,토스 관측,52,7,0.1346153846153846,False,0.6114256812376638,0.5799078487943261
D077,저밀도+의도행동 없음,메인·웹만,7,0,0.0,False,0.32569290534485584,0.3333599800215944
D078,저밀도+의도행동 없음,메인·웹만,5,0,0.0,False,0.1593376123818336,0.19603450844188267
D079,고밀도+의도행동 많음,토스 관측,49,15,0.3061224489795918,False,0.19040082976267608,0.2442180189453437
D080,고밀도+의도행동 적음,토스 관측,23,3,0.1304347826086956,False,0.2610309342400827,0.32550779842563266
D081,저밀도+의도행동 없음,메인·웹만,6,0,0.0,False,0.21642468729112582,0.23811030368773706
D082,저밀도+의도행동 없음,메인·웹만,4,0,0.0,False,0.05648390241320602,0.08999362430504002
D083,저밀도+의도행동 없음,메인·웹만,5,0,0.0,False,0.09384197156475621,0.14099256857925427
D084,고밀도+의도행동 많음,토스 관측,51,17,0.3333333333333333,False,0.06956100309869648,0.13127245393038445
D085,저밀도+의도행동 없음,메인·웹만,4,0,0.0,False,0.051907025833769306,0.09535723550185832
D086,저밀도+의도행동 없음,토스 관측,19,0,0.0,False,0.2155495703158751,0.26789415901178826
D087,저밀도+의도행동 없음,메인·웹만,3,0,0.0,False,0.030439641889131844,0.06395759960045654
D088,저밀도+의도행동 없음,토스 관측,14,0,0.0,False,0.19884778239445716,0.21618587804049177
D089,고밀도+의도행동 적음,토스 관측,28,4,0.1428571428571428,False,0.17207109955975378,0.2606696504189547
D090,고밀도+의도행동 많음,토스 관측,58,18,0.3103448275862069,False,0.1693009251338296,0.2425696214487268
D091,저밀도+의도행동 없음,토스 관측,12,0,0.0,False,0.18093259327390404,0.22832581109021363
D092,저밀도+의도행동 없음,토스 관측,6,0,0.0,False,0.08008316686466953,0.11829663859352499
D093,저밀도+의도행동 있음,토스 관측,19,1,0.0526315789473684,False,0.17022643987081088,0.23246949399628272
D094,저밀도+의도행동 없음,메인·웹만,5,0,0.0,False,0.1659160456661407,0.23560699437995378
D095,저밀도+의도행동 없음,메인·웹만,5,0,0.0,False,0.16986963570707933,0.21968226489676349
