feature_set,n_features,C,penalty,class_weight_name,auc,pr_auc,top30_cutoff,top30_flagged,top30_precision,top30_recall,top30_balanced_acc,outer_fold
refined_behavior_plus_named_events,29,0.1,l2,pos_4,0.9265232974910393,0.845959595959596,0.35050777010577294,22,0.36363636363636365,0.8888888888888888,0.8315412186379928,1
refined_behavior_plus_named_events,29,0.05,l2,pos_4,0.921146953405018,0.8287037037037037,0.42963305202815605,22,0.3181818181818182,0.7777777777777778,0.7679211469534051,1
refined_behavior_plus_named_events,29,0.2,l2,pos_4,0.9157706093189963,0.8382816014394963,0.30743593616399817,22,0.3181818181818182,0.7777777777777778,0.7679211469534051,1
refined_behavior_plus_named_events,29,0.05,l2,pos_4,0.9211469534050178,0.7867539930626035,0.4207741497283134,22,0.3181818181818182,0.7777777777777778,0.7679211469534051,2
refined_behavior_plus_named_events,29,0.1,l2,pos_4,0.9157706093189963,0.7843692553837482,0.37011249583812633,22,0.3181818181818182,0.7777777777777778,0.7679211469534051,2
refined_behavior_plus_named_events,29,0.2,l2,pos_4,0.9139784946236559,0.7847399514066182,0.31963522309337067,22,0.36363636363636365,0.8888888888888888,0.8315412186379928,2
refined_behavior_plus_named_events,29,0.2,l2,pos_4,0.9695340501792115,0.8670033670033672,0.21533116821068413,22,0.4090909090909091,1.0,0.8951612903225806,3
refined_behavior_plus_named_events,29,0.1,l2,pos_4,0.9695340501792115,0.8670033670033672,0.27766622754716086,22,0.4090909090909091,1.0,0.8951612903225806,3
refined_behavior_plus_named_events,29,0.05,l2,pos_4,0.9677419354838709,0.8511303511303512,0.3577053390599816,22,0.4090909090909091,1.0,0.8951612903225806,3
refined_behavior_plus_named_events,29,0.1,l2,pos_4,0.8977072310405644,0.7065854315854316,0.35475031579108146,22,0.3181818181818182,0.7777777777777778,0.7698412698412698,4
refined_behavior_plus_named_events,29,0.05,l2,pos_4,0.8959435626102293,0.6159708193041527,0.4063924665330323,22,0.3181818181818182,0.7777777777777778,0.7698412698412698,4
refined_behavior_plus_named_events,29,0.2,l2,pos_4,0.8888888888888888,0.6861111111111111,0.28919969505968646,22,0.3181818181818182,0.7777777777777778,0.7698412698412698,4
refined_behavior_plus_named_events,29,0.2,l2,pos_4,0.9874551971326164,0.9513888888888891,0.24398248164977296,22,0.4090909090909091,1.0,0.8951612903225806,5
refined_behavior_plus_named_events,29,0.1,l2,pos_4,0.985663082437276,0.9477124183006538,0.3093841996962559,22,0.4090909090909091,1.0,0.8951612903225806,5
refined_behavior_plus_named_events,29,0.05,l2,pos_4,0.9820788530465949,0.9320987654320989,0.3892041329320015,22,0.4090909090909091,1.0,0.8951612903225806,5
refined_behavior_plus_named_events,29,0.05,l2,pos_4,0.9301075268817204,0.7635285738226913,0.3788860347601648,22,0.36363636363636365,0.8888888888888888,0.8315412186379928,6
refined_behavior_plus_named_events,29,0.1,l2,pos_4,0.9247311827956989,0.7723372723372722,0.3148114564587627,22,0.36363636363636365,0.8888888888888888,0.8315412186379928,6
refined_behavior_plus_named_events,29,0.2,l2,pos_4,0.9086021505376345,0.7476179965419563,0.24948094379255187,23,0.34782608695652173,0.8888888888888888,0.8234767025089605,6
refined_behavior_plus_named_events,29,0.2,l2,pos_4,0.8763440860215054,0.7568757975734721,0.33085374440625004,23,0.30434782608695654,0.7777777777777778,0.7598566308243728,7
refined_behavior_plus_named_events,29,0.1,l2,pos_4,0.8673835125448028,0.742220890390227,0.3616881475667003,22,0.3181818181818182,0.7777777777777778,0.7679211469534051,7
refined_behavior_plus_named_events,29,0.05,l2,pos_4,0.8584229390681003,0.7285769980506824,0.40691965419664405,22,0.3181818181818182,0.7777777777777778,0.7679211469534051,7
refined_behavior_plus_named_events,29,0.05,l2,pos_4,0.9259259259259259,0.7509993622047952,0.40529150177789525,22,0.36363636363636365,0.8888888888888888,0.8333333333333333,8
refined_behavior_plus_named_events,29,0.2,l2,pos_4,0.9171075837742504,0.7557785351902999,0.32929971753170173,22,0.36363636363636365,0.8888888888888888,0.8333333333333333,8
refined_behavior_plus_named_events,29,0.1,l2,pos_4,0.9171075837742504,0.7465190754664439,0.3664007089971408,22,0.36363636363636365,0.8888888888888888,0.8333333333333333,8
refined_behavior_plus_named_events,29,0.05,l2,pos_4,0.9193548387096775,0.8172134038800707,0.3735821851329767,23,0.30434782608695654,0.7777777777777778,0.7598566308243728,9
refined_behavior_plus_named_events,29,0.1,l2,pos_4,0.9175627240143369,0.8404558404558404,0.3346427455819717,22,0.3181818181818182,0.7777777777777778,0.7679211469534051,9
refined_behavior_plus_named_events,29,0.2,l2,pos_4,0.913978494623656,0.8392050587172539,0.29892523750242556,22,0.3181818181818182,0.7777777777777778,0.7679211469534051,9
refined_behavior_plus_named_events,29,0.2,l2,pos_4,0.9964157706093191,0.9797979797979799,0.24385697308209203,22,0.4090909090909091,1.0,0.8951612903225806,10
refined_behavior_plus_named_events,29,0.1,l2,pos_4,0.9946236559139784,0.9722222222222223,0.32046586773719293,22,0.4090909090909091,1.0,0.8951612903225806,10
refined_behavior_plus_named_events,29,0.05,l2,pos_4,0.985663082437276,0.9188983855650523,0.3815511211740862,22,0.4090909090909091,1.0,0.8951612903225806,10
refined_behavior_plus_named_events,29,0.1,l2,pos_4,0.9121863799283154,0.8111489040060469,0.33772556896434147,22,0.36363636363636365,0.8888888888888888,0.8315412186379928,11
refined_behavior_plus_named_events,29,0.2,l2,pos_4,0.910394265232975,0.7837962962962963,0.24017412355574963,22,0.36363636363636365,0.8888888888888888,0.8315412186379928,11
refined_behavior_plus_named_events,29,0.05,l2,pos_4,0.9068100358422938,0.7979720279720279,0.3618903335059253,25,0.32,0.8888888888888888,0.807347670250896,11
refined_behavior_plus_named_events,29,0.1,l2,pos_4,0.9100529100529101,0.839920948616601,0.36712250692242115,22,0.36363636363636365,0.8888888888888888,0.8333333333333333,12
refined_behavior_plus_named_events,29,0.05,l2,pos_4,0.908289241622575,0.826032059727712,0.4180617442881849,22,0.36363636363636365,0.8888888888888888,0.8333333333333333,12
refined_behavior_plus_named_events,29,0.2,l2,pos_4,0.9029982363315696,0.8322510822510822,0.3176600395135893,24,0.2916666666666667,0.7777777777777778,0.753968253968254,12
refined_behavior_plus_named_events,29,0.1,l2,pos_4,0.8996415770609318,0.8053105590062113,0.3656451839133027,23,0.30434782608695654,0.7777777777777778,0.7598566308243728,13
refined_behavior_plus_named_events,29,0.05,l2,pos_4,0.8978494623655914,0.7928624873069319,0.39990385360587377,23,0.30434782608695654,0.7777777777777778,0.7598566308243728,13
refined_behavior_plus_named_events,29,0.2,l2,pos_4,0.8942652329749103,0.7946586041824137,0.32531352596655283,22,0.3181818181818182,0.7777777777777778,0.7679211469534051,13
refined_behavior_plus_named_events,29,0.2,l2,pos_4,0.9462365591397849,0.7317460317460318,0.3007471802981291,23,0.391304347826087,1.0,0.8870967741935484,14
refined_behavior_plus_named_events,29,0.1,l2,pos_4,0.9372759856630825,0.6399738662896557,0.34860042068843494,23,0.391304347826087,1.0,0.8870967741935484,14
refined_behavior_plus_named_events,29,0.05,l2,pos_4,0.9283154121863799,0.5979326286601827,0.4058974051899473,22,0.4090909090909091,1.0,0.8951612903225806,14
refined_behavior_plus_named_events,29,0.1,l2,pos_4,0.967741935483871,0.8944444444444446,0.3148906566374071,23,0.34782608695652173,0.8888888888888888,0.8234767025089605,15
refined_behavior_plus_named_events,29,0.05,l2,pos_4,0.967741935483871,0.8793490460157127,0.3675343128185988,22,0.4090909090909091,1.0,0.8951612903225806,15
refined_behavior_plus_named_events,29,0.2,l2,pos_4,0.96415770609319,0.9037037037037039,0.24819332137415998,25,0.32,0.8888888888888888,0.807347670250896,15
refined_behavior_plus_named_events,29,0.1,l2,pos_4,0.9153439153439153,0.8016073432740101,0.3429181362264845,22,0.36363636363636365,0.8888888888888888,0.8333333333333333,16
refined_behavior_plus_named_events,29,0.05,l2,pos_4,0.9118165784832452,0.7985032024505709,0.39095641133959536,22,0.36363636363636365,0.8888888888888888,0.8333333333333333,16
refined_behavior_plus_named_events,29,0.2,l2,pos_4,0.908289241622575,0.7926286676286676,0.3088929729507649,22,0.36363636363636365,0.8888888888888888,0.8333333333333333,16
refined_behavior_plus_named_events,29,0.05,l2,pos_4,0.9516129032258064,0.861863711001642,0.36391787213157606,22,0.36363636363636365,0.8888888888888888,0.8315412186379928,17
refined_behavior_plus_named_events,29,0.1,l2,pos_4,0.9444444444444444,0.8576839826839826,0.29991570614124036,24,0.3333333333333333,0.8888888888888888,0.8154121863799283,17
refined_behavior_plus_named_events,29,0.2,l2,pos_4,0.9372759856630823,0.8443562610229276,0.26301528264307167,22,0.36363636363636365,0.8888888888888888,0.8315412186379928,17
refined_behavior_plus_named_events,29,0.2,l2,pos_4,0.9802867383512545,0.8927689594356263,0.24650789852792404,22,0.4090909090909091,1.0,0.8951612903225806,18
refined_behavior_plus_named_events,29,0.1,l2,pos_4,0.974910394265233,0.8542648709315377,0.30365821584123265,22,0.4090909090909091,1.0,0.8951612903225806,18
refined_behavior_plus_named_events,29,0.05,l2,pos_4,0.96415770609319,0.8019240019240019,0.3698961877895009,22,0.4090909090909091,1.0,0.8951612903225806,18
refined_behavior_plus_named_events,29,0.05,l2,pos_4,0.8960573476702508,0.743256561884013,0.3971570981387366,22,0.3181818181818182,0.7777777777777778,0.7679211469534051,19
refined_behavior_plus_named_events,29,0.1,l2,pos_4,0.8763440860215054,0.7560400755522707,0.3355487794494444,22,0.3181818181818182,0.7777777777777778,0.7679211469534051,19
refined_behavior_plus_named_events,29,0.2,l2,pos_4,0.8530465949820788,0.7494579945799458,0.26379779335981735,24,0.2916666666666667,0.7777777777777778,0.7517921146953406,19
refined_behavior_plus_named_events,29,0.2,l2,pos_4,0.8641975308641975,0.7890958709065021,0.307574636627111,23,0.30434782608695654,0.7777777777777778,0.7619047619047619,20
refined_behavior_plus_named_events,29,0.1,l2,pos_4,0.8589065255731922,0.7878257363551482,0.35652643280862956,22,0.3181818181818182,0.7777777777777778,0.7698412698412698,20
refined_behavior_plus_named_events,29,0.05,l2,pos_4,0.8465608465608466,0.7550505050505052,0.4007706894266932,22,0.3181818181818182,0.7777777777777778,0.7698412698412698,20
refined_behavior_plus_named_events,29,0.2,l2,pos_4,0.9874551971326165,0.94320987654321,0.2500615265355502,22,0.4090909090909091,1.0,0.8951612903225806,21
refined_behavior_plus_named_events,29,0.1,l2,pos_4,0.9820788530465949,0.9254901960784314,0.30854341302851984,22,0.4090909090909091,1.0,0.8951612903225806,21
refined_behavior_plus_named_events,29,0.05,l2,pos_4,0.9749103942652328,0.8946068875893438,0.3952165936466845,22,0.4090909090909091,1.0,0.8951612903225806,21
refined_behavior_plus_named_events,29,0.1,l2,pos_4,0.9175627240143369,0.740062228220123,0.3383598183148511,23,0.34782608695652173,0.8888888888888888,0.8234767025089605,22
refined_behavior_plus_named_events,29,0.2,l2,pos_4,0.9157706093189963,0.7419108669108669,0.3032345939501523,22,0.36363636363636365,0.8888888888888888,0.8315412186379928,22
refined_behavior_plus_named_events,29,0.05,l2,pos_4,0.9121863799283153,0.6956426289759623,0.3771457417744381,22,0.36363636363636365,0.8888888888888888,0.8315412186379928,22
refined_behavior_plus_named_events,29,0.2,l2,pos_4,0.8745519713261649,0.7368813925417699,0.29344203204971087,22,0.3181818181818182,0.7777777777777778,0.7679211469534051,23
refined_behavior_plus_named_events,29,0.05,l2,pos_4,0.8727598566308244,0.7318956375560148,0.4042413918815908,22,0.3181818181818182,0.7777777777777778,0.7679211469534051,23
refined_behavior_plus_named_events,29,0.1,l2,pos_4,0.8727598566308243,0.7365319865319866,0.35831826464231636,22,0.3181818181818182,0.7777777777777778,0.7679211469534051,23
refined_behavior_plus_named_events,29,0.05,l2,pos_4,0.9047619047619048,0.8334268612046389,0.413652298647624,22,0.3181818181818182,0.7777777777777778,0.7698412698412698,24
refined_behavior_plus_named_events,29,0.1,l2,pos_4,0.8959435626102292,0.8279696186672931,0.347454910608314,25,0.28,0.7777777777777778,0.746031746031746,24
refined_behavior_plus_named_events,29,0.2,l2,pos_4,0.8924162257495591,0.8266488413547237,0.3186498290998015,22,0.3181818181818182,0.7777777777777778,0.7698412698412698,24
refined_behavior_plus_named_events,29,0.05,l2,pos_4,0.9193548387096774,0.7867975734355046,0.4117652098017341,22,0.3181818181818182,0.7777777777777778,0.7679211469534051,25
refined_behavior_plus_named_events,29,0.1,l2,pos_4,0.910394265232975,0.796885521885522,0.3569925471700802,22,0.36363636363636365,0.8888888888888888,0.8315412186379928,25
refined_behavior_plus_named_events,29,0.2,l2,pos_4,0.910394265232975,0.7957698501176762,0.30513055221339097,22,0.3181818181818182,0.7777777777777778,0.7679211469534051,25
refined_behavior_plus_named_events,29,0.2,l2,pos_4,0.8727598566308243,0.7955816311748516,0.3571538757538146,22,0.3181818181818182,0.7777777777777778,0.7679211469534051,26
refined_behavior_plus_named_events,29,0.1,l2,pos_4,0.8691756272401434,0.7610253730943386,0.3858397963132071,22,0.3181818181818182,0.7777777777777778,0.7679211469534051,26
refined_behavior_plus_named_events,29,0.05,l2,pos_4,0.8655913978494624,0.7205636955636956,0.44136844569507916,22,0.3181818181818182,0.7777777777777778,0.7679211469534051,26
refined_behavior_plus_named_events,29,0.1,l2,pos_4,0.9086021505376345,0.8202380952380954,0.33649035836353947,22,0.3181818181818182,0.7777777777777778,0.7679211469534051,27
refined_behavior_plus_named_events,29,0.05,l2,pos_4,0.9086021505376344,0.8028735632183908,0.37623744664796455,23,0.30434782608695654,0.7777777777777778,0.7598566308243728,27
refined_behavior_plus_named_events,29,0.2,l2,pos_4,0.9032258064516129,0.8182037496553627,0.26081877449637236,22,0.3181818181818182,0.7777777777777778,0.7679211469534051,27
refined_behavior_plus_named_events,29,0.2,l2,pos_4,0.9894179894179894,0.9278138528138529,0.21924802510664076,22,0.4090909090909091,1.0,0.8968253968253967,28
refined_behavior_plus_named_events,29,0.1,l2,pos_4,0.9876543209876543,0.9170113836780502,0.2939905484501613,22,0.4090909090909091,1.0,0.8968253968253967,28
refined_behavior_plus_named_events,29,0.05,l2,pos_4,0.9841269841269842,0.8865881032547699,0.3691889566198873,22,0.4090909090909091,1.0,0.8968253968253967,28
refined_behavior_plus_named_events,29,0.2,l2,pos_4,0.985663082437276,0.9477124183006538,0.26745107622572717,22,0.4090909090909091,1.0,0.8951612903225806,29
refined_behavior_plus_named_events,29,0.1,l2,pos_4,0.9767025089605734,0.9343434343434345,0.35220691622604555,22,0.4090909090909091,1.0,0.8951612903225806,29
refined_behavior_plus_named_events,29,0.05,l2,pos_4,0.9713261648745519,0.9182098765432101,0.4082030121378306,22,0.36363636363636365,0.8888888888888888,0.8315412186379928,29
refined_behavior_plus_named_events,29,0.05,l2,pos_4,0.9139784946236559,0.8005662303907919,0.430292748037012,22,0.3181818181818182,0.7777777777777778,0.7679211469534051,30
refined_behavior_plus_named_events,29,0.2,l2,pos_4,0.9050179211469535,0.8118977892621304,0.31020144282104306,23,0.30434782608695654,0.7777777777777778,0.7598566308243728,30
refined_behavior_plus_named_events,29,0.1,l2,pos_4,0.9050179211469533,0.8128507295173963,0.3597730987156633,22,0.3181818181818182,0.7777777777777778,0.7679211469534051,30
refined_behavior_plus_named_events,29,0.05,l2,pos_4,0.8709677419354839,0.6620155806430317,0.4083624043537271,22,0.3181818181818182,0.7777777777777778,0.7679211469534051,31
refined_behavior_plus_named_events,29,0.1,l2,pos_4,0.8530465949820788,0.6689516129032258,0.3549543648688876,22,0.3181818181818182,0.7777777777777778,0.7679211469534051,31
refined_behavior_plus_named_events,29,0.2,l2,pos_4,0.8458781362007168,0.6992202729044834,0.3084492158131129,23,0.30434782608695654,0.7777777777777778,0.7598566308243728,31
refined_behavior_plus_named_events,29,0.1,l2,pos_4,0.9065255731922399,0.7943969610636277,0.3095237535280469,22,0.36363636363636365,0.8888888888888888,0.8333333333333333,32
refined_behavior_plus_named_events,29,0.2,l2,pos_4,0.8994708994708994,0.7884640051306717,0.24578841745709887,22,0.36363636363636365,0.8888888888888888,0.8333333333333333,32
refined_behavior_plus_named_events,29,0.05,l2,pos_4,0.8977072310405644,0.7713403880070548,0.3835702559843339,22,0.36363636363636365,0.8888888888888888,0.8333333333333333,32
refined_behavior_plus_named_events,29,0.05,l2,pos_4,0.9336917562724014,0.8516339869281047,0.39193108932656734,22,0.36363636363636365,0.8888888888888888,0.8315412186379928,33
refined_behavior_plus_named_events,29,0.1,l2,pos_4,0.9229390681003584,0.8472222222222223,0.33837666165514874,22,0.36363636363636365,0.8888888888888888,0.8315412186379928,33
refined_behavior_plus_named_events,29,0.2,l2,pos_4,0.921146953405018,0.8451058201058204,0.26925555431722775,22,0.36363636363636365,0.8888888888888888,0.8315412186379928,33
refined_behavior_plus_named_events,29,0.2,l2,pos_4,0.9569892473118279,0.8515079365079365,0.2340997239429007,24,0.3333333333333333,0.8888888888888888,0.8154121863799283,34
refined_behavior_plus_named_events,29,0.1,l2,pos_4,0.9551971326164874,0.8499694749694751,0.30658965668788557,23,0.34782608695652173,0.8888888888888888,0.8234767025089605,34
refined_behavior_plus_named_events,29,0.05,l2,pos_4,0.953405017921147,0.8177287017866728,0.3671266369187308,22,0.36363636363636365,0.8888888888888888,0.8315412186379928,34
refined_behavior_plus_named_events,29,0.2,l2,pos_4,0.9874551971326165,0.9513888888888891,0.2562295225755172,22,0.4090909090909091,1.0,0.8951612903225806,35
refined_behavior_plus_named_events,29,0.1,l2,pos_4,0.9838709677419354,0.9291666666666669,0.33393044755923623,22,0.4090909090909091,1.0,0.8951612903225806,35
refined_behavior_plus_named_events,29,0.05,l2,pos_4,0.9731182795698924,0.8814555327713223,0.40284327329184444,22,0.4090909090909091,1.0,0.8951612903225806,35
refined_behavior_plus_named_events,29,0.2,l2,pos_4,0.8800705467372134,0.7498259537733223,0.31538667548658006,23,0.34782608695652173,0.8888888888888888,0.8253968253968254,36
refined_behavior_plus_named_events,29,0.1,l2,pos_4,0.8747795414462081,0.7416666666666667,0.35111000848728935,25,0.32,0.8888888888888888,0.8095238095238095,36
refined_behavior_plus_named_events,29,0.05,l2,pos_4,0.8712522045855379,0.7317620650953984,0.3959644858026015,22,0.36363636363636365,0.8888888888888888,0.8333333333333333,36
refined_behavior_plus_named_events,29,0.2,l2,pos_4,0.985663082437276,0.9477124183006536,0.2789945274879961,22,0.4090909090909091,1.0,0.8951612903225806,37
refined_behavior_plus_named_events,29,0.1,l2,pos_4,0.9802867383512545,0.9388888888888889,0.3605651070758055,22,0.4090909090909091,1.0,0.8951612903225806,37
refined_behavior_plus_named_events,29,0.05,l2,pos_4,0.9695340501792115,0.8901515151515151,0.41883235773389316,22,0.4090909090909091,1.0,0.8951612903225806,37
refined_behavior_plus_named_events,29,0.1,l2,pos_4,0.9193548387096775,0.8420661464139727,0.349303518210804,22,0.3181818181818182,0.7777777777777778,0.7679211469534051,38
refined_behavior_plus_named_events,29,0.05,l2,pos_4,0.9157706093189965,0.8134199134199136,0.39162776452364007,22,0.36363636363636365,0.8888888888888888,0.8315412186379928,38
refined_behavior_plus_named_events,29,0.2,l2,pos_4,0.9103942652329748,0.836356055868251,0.2731000152549089,22,0.3181818181818182,0.7777777777777778,0.7679211469534051,38
refined_behavior_plus_named_events,29,0.05,l2,pos_4,0.9444444444444444,0.7572246996160039,0.3406545468069632,22,0.36363636363636365,0.8888888888888888,0.8315412186379928,39
refined_behavior_plus_named_events,29,0.1,l2,pos_4,0.9372759856630825,0.7467320261437909,0.27089690698033664,23,0.34782608695652173,0.8888888888888888,0.8234767025089605,39
refined_behavior_plus_named_events,29,0.2,l2,pos_4,0.9229390681003584,0.7344185583432896,0.20212531542565537,23,0.34782608695652173,0.8888888888888888,0.8234767025089605,39
refined_behavior_plus_named_events,29,0.2,l2,pos_4,0.9153439153439153,0.8435563114134543,0.291214284364578,22,0.36363636363636365,0.8888888888888888,0.8333333333333333,40
refined_behavior_plus_named_events,29,0.1,l2,pos_4,0.9135802469135802,0.8216991341991342,0.34620490847359103,22,0.36363636363636365,0.8888888888888888,0.8333333333333333,40
refined_behavior_plus_named_events,29,0.05,l2,pos_4,0.9065255731922399,0.7919973544973546,0.39708324573358683,22,0.36363636363636365,0.8888888888888888,0.8333333333333333,40
refined_behavior_plus_named_events,29,0.05,l2,pos_4,0.9032258064516129,0.6894809438927085,0.4127039286679561,22,0.36363636363636365,0.8888888888888888,0.8315412186379928,41
refined_behavior_plus_named_events,29,0.1,l2,pos_4,0.9014336917562724,0.6808922558922559,0.3591997091969664,22,0.36363636363636365,0.8888888888888888,0.8315412186379928,41
refined_behavior_plus_named_events,29,0.2,l2,pos_4,0.8996415770609318,0.6945165945165945,0.29802912736135284,22,0.36363636363636365,0.8888888888888888,0.8315412186379928,41
refined_behavior_plus_named_events,29,0.1,l2,pos_4,0.8799283154121864,0.7605372405372406,0.36585685803108653,22,0.3181818181818182,0.7777777777777778,0.7679211469534051,42
refined_behavior_plus_named_events,29,0.05,l2,pos_4,0.8727598566308243,0.736931216931217,0.40074721045474165,22,0.3181818181818182,0.7777777777777778,0.7679211469534051,42
refined_behavior_plus_named_events,29,0.2,l2,pos_4,0.8727598566308243,0.7178097234701009,0.31255047045458567,22,0.3181818181818182,0.7777777777777778,0.7679211469534051,42
refined_behavior_plus_named_events,29,0.1,l2,pos_4,0.9534050179211468,0.876955034213099,0.31482322024415155,22,0.36363636363636365,0.8888888888888888,0.8315412186379928,43
refined_behavior_plus_named_events,29,0.05,l2,pos_4,0.9444444444444444,0.8338955026455028,0.382825656018056,22,0.36363636363636365,0.8888888888888888,0.8315412186379928,43
refined_behavior_plus_named_events,29,0.2,l2,pos_4,0.9372759856630823,0.8669753086419754,0.2327189755444786,22,0.36363636363636365,0.8888888888888888,0.8315412186379928,43
refined_behavior_plus_named_events,29,0.2,l2,pos_4,0.980599647266314,0.9388888888888889,0.301529584442944,22,0.4090909090909091,1.0,0.8968253968253967,44
refined_behavior_plus_named_events,29,0.1,l2,pos_4,0.9753086419753085,0.9102733686067019,0.3487372633678627,22,0.4090909090909091,1.0,0.8968253968253967,44
refined_behavior_plus_named_events,29,0.05,l2,pos_4,0.9700176366843033,0.8737213403880071,0.39420816058515185,22,0.4090909090909091,1.0,0.8968253968253967,44
refined_behavior_plus_named_events,29,0.1,l2,pos_4,0.8566308243727598,0.7286556036556036,0.42074660829067295,22,0.2727272727272727,0.6666666666666666,0.7043010752688172,45
refined_behavior_plus_named_events,29,0.05,l2,pos_4,0.8530465949820789,0.6834175084175085,0.4798187582929098,22,0.2727272727272727,0.6666666666666666,0.7043010752688172,45
refined_behavior_plus_named_events,29,0.2,l2,pos_4,0.8369175627240143,0.7095982537159008,0.34083939602483365,22,0.2727272727272727,0.6666666666666666,0.7043010752688172,45
refined_behavior_plus_named_events,29,0.2,l2,pos_4,0.9301075268817205,0.7726088726088726,0.2618374145405364,24,0.3333333333333333,0.8888888888888888,0.8154121863799283,46
refined_behavior_plus_named_events,29,0.05,l2,pos_4,0.9301075268817204,0.7769841269841269,0.3817522395976614,22,0.36363636363636365,0.8888888888888888,0.8315412186379928,46
refined_behavior_plus_named_events,29,0.1,l2,pos_4,0.9301075268817203,0.7769841269841269,0.3094459448449721,25,0.32,0.8888888888888888,0.807347670250896,46
refined_behavior_plus_named_events,29,0.2,l2,pos_4,0.9910394265232975,0.9534662867996202,0.27691542184255996,22,0.4090909090909091,1.0,0.8951612903225806,47
refined_behavior_plus_named_events,29,0.1,l2,pos_4,0.9767025089605735,0.8876474832357186,0.3372769261574603,22,0.4090909090909091,1.0,0.8951612903225806,47
refined_behavior_plus_named_events,29,0.05,l2,pos_4,0.9623655913978495,0.852935033662588,0.4034112218802985,22,0.4090909090909091,1.0,0.8951612903225806,47
refined_behavior_plus_named_events,29,0.1,l2,pos_4,0.9135802469135803,0.8043771043771044,0.3294821498430816,22,0.3181818181818182,0.7777777777777778,0.7698412698412698,48
refined_behavior_plus_named_events,29,0.2,l2,pos_4,0.9135802469135803,0.7983281086729364,0.2920600450072421,23,0.30434782608695654,0.7777777777777778,0.7619047619047619,48
refined_behavior_plus_named_events,29,0.05,l2,pos_4,0.908289241622575,0.8018518518518518,0.38286201102399864,22,0.3181818181818182,0.7777777777777778,0.7698412698412698,48
refined_behavior_plus_named_events,29,0.1,l2,pos_4,0.9175627240143369,0.8321428571428573,0.3498268418455474,22,0.36363636363636365,0.8888888888888888,0.8315412186379928,49
refined_behavior_plus_named_events,29,0.2,l2,pos_4,0.9121863799283154,0.8289442039442041,0.30444237223576115,22,0.36363636363636365,0.8888888888888888,0.8315412186379928,49
refined_behavior_plus_named_events,29,0.05,l2,pos_4,0.9086021505376344,0.7741256936378889,0.4074099730038588,22,0.36363636363636365,0.8888888888888888,0.8315412186379928,49
refined_behavior_plus_named_events,29,0.2,l2,pos_4,0.9050179211469535,0.7644735438853085,0.29483260399153693,22,0.36363636363636365,0.8888888888888888,0.8315412186379928,50
refined_behavior_plus_named_events,29,0.05,l2,pos_4,0.8978494623655915,0.7493987493987493,0.41110463479619963,22,0.36363636363636365,0.8888888888888888,0.8315412186379928,50
refined_behavior_plus_named_events,29,0.1,l2,pos_4,0.8942652329749103,0.7396505303482047,0.38626395854298434,22,0.36363636363636365,0.8888888888888888,0.8315412186379928,50
refined_behavior_plus_named_events,29,0.1,l2,pos_4,0.8978494623655914,0.7531185438162182,0.38419132529227107,22,0.36363636363636365,0.8888888888888888,0.8315412186379928,51
refined_behavior_plus_named_events,29,0.05,l2,pos_4,0.89247311827957,0.7410689954168215,0.4350983654493875,22,0.3181818181818182,0.7777777777777778,0.7679211469534051,51
refined_behavior_plus_named_events,29,0.2,l2,pos_4,0.8817204301075269,0.7224584278155708,0.3226626678432361,22,0.36363636363636365,0.8888888888888888,0.8315412186379928,51
refined_behavior_plus_named_events,29,0.2,l2,pos_4,0.9947089947089947,0.9626543209876544,0.18739467194805634,22,0.4090909090909091,1.0,0.8968253968253967,52
refined_behavior_plus_named_events,29,0.1,l2,pos_4,0.9894179894179894,0.9328843995510662,0.24856018259754145,22,0.4090909090909091,1.0,0.8968253968253967,52
refined_behavior_plus_named_events,29,0.05,l2,pos_4,0.9823633156966489,0.8927128427128428,0.33453865537192606,22,0.4090909090909091,1.0,0.8968253968253967,52
refined_behavior_plus_named_events,29,0.2,l2,pos_4,0.989247311827957,0.9435897435897438,0.24254219281145029,22,0.4090909090909091,1.0,0.8951612903225806,53
refined_behavior_plus_named_events,29,0.1,l2,pos_4,0.9874551971326165,0.9380952380952383,0.2987731973788118,22,0.4090909090909091,1.0,0.8951612903225806,53
refined_behavior_plus_named_events,29,0.05,l2,pos_4,0.9802867383512545,0.9046296296296297,0.3790373570617462,22,0.4090909090909091,1.0,0.8951612903225806,53
refined_behavior_plus_named_events,29,0.1,l2,pos_4,0.8978494623655914,0.8163722478238609,0.4229032319543578,22,0.3181818181818182,0.7777777777777778,0.7679211469534051,54
refined_behavior_plus_named_events,29,0.05,l2,pos_4,0.8960573476702508,0.7983515993941015,0.4698993530562934,22,0.3181818181818182,0.7777777777777778,0.7679211469534051,54
refined_behavior_plus_named_events,29,0.2,l2,pos_4,0.8942652329749103,0.8297057145186273,0.3483234500768608,22,0.3181818181818182,0.7777777777777778,0.7679211469534051,54
refined_behavior_plus_named_events,29,0.2,l2,pos_4,0.9229390681003584,0.8419047619047622,0.2934333243727937,24,0.2916666666666667,0.7777777777777778,0.7517921146953406,55
refined_behavior_plus_named_events,29,0.1,l2,pos_4,0.921146953405018,0.8411111111111114,0.35513796076979254,22,0.3181818181818182,0.7777777777777778,0.7679211469534051,55
refined_behavior_plus_named_events,29,0.05,l2,pos_4,0.9121863799283155,0.8377235772357725,0.39318864892051447,23,0.30434782608695654,0.7777777777777778,0.7598566308243728,55
refined_behavior_plus_named_events,29,0.1,l2,pos_4,0.9559082892416226,0.8908439231019878,0.33466147644641075,22,0.36363636363636365,0.8888888888888888,0.8333333333333333,56
refined_behavior_plus_named_events,29,0.2,l2,pos_4,0.9523809523809524,0.8831018518518519,0.2645559579078623,22,0.36363636363636365,0.8888888888888888,0.8333333333333333,56
refined_behavior_plus_named_events,29,0.05,l2,pos_4,0.9488536155202821,0.8682659932659933,0.40240386822665025,22,0.36363636363636365,0.8888888888888888,0.8333333333333333,56
refined_behavior_plus_named_events,29,0.05,l2,pos_4,0.9426523297491038,0.8506613756613757,0.4610513574853444,22,0.36363636363636365,0.8888888888888888,0.8315412186379928,57
refined_behavior_plus_named_events,29,0.1,l2,pos_4,0.9408602150537633,0.8558509808509809,0.3298440212337632,22,0.36363636363636365,0.8888888888888888,0.8315412186379928,57
refined_behavior_plus_named_events,29,0.2,l2,pos_4,0.9336917562724013,0.8430214846881514,0.27479005129096645,22,0.36363636363636365,0.8888888888888888,0.8315412186379928,57
refined_behavior_plus_named_events,29,0.05,l2,pos_4,0.913978494623656,0.7836580178304053,0.40938173694710567,22,0.3181818181818182,0.7777777777777778,0.7679211469534051,58
refined_behavior_plus_named_events,29,0.1,l2,pos_4,0.9068100358422939,0.780122166301028,0.35659383739238054,23,0.30434782608695654,0.7777777777777778,0.7598566308243728,58
refined_behavior_plus_named_events,29,0.2,l2,pos_4,0.9014336917562724,0.8018882925859672,0.3009386084225528,22,0.3181818181818182,0.7777777777777778,0.7679211469534051,58
refined_behavior_plus_named_events,29,0.2,l2,pos_4,0.9336917562724014,0.843954248366013,0.3083931027128983,22,0.36363636363636365,0.8888888888888888,0.8315412186379928,59
refined_behavior_plus_named_events,29,0.05,l2,pos_4,0.931899641577061,0.8105231717286047,0.4007629927785962,22,0.36363636363636365,0.8888888888888888,0.8315412186379928,59
refined_behavior_plus_named_events,29,0.1,l2,pos_4,0.9318996415770608,0.8170594837261503,0.3656093720229009,22,0.36363636363636365,0.8888888888888888,0.8315412186379928,59
refined_behavior_plus_named_events,29,0.2,l2,pos_4,0.9788359788359788,0.9035204991087344,0.25408039059043347,22,0.4090909090909091,1.0,0.8968253968253967,60
refined_behavior_plus_named_events,29,0.1,l2,pos_4,0.9770723104056438,0.8967864923747277,0.3118931393533905,22,0.4090909090909091,1.0,0.8968253968253967,60
refined_behavior_plus_named_events,29,0.05,l2,pos_4,0.9664902998236331,0.8377425044091713,0.3913849354213837,22,0.4090909090909091,1.0,0.8968253968253967,60
refined_behavior_plus_named_events,29,0.2,l2,pos_4,0.9175627240143369,0.8340971085651938,0.29340452808444684,22,0.36363636363636365,0.8888888888888888,0.8315412186379928,61
refined_behavior_plus_named_events,29,0.1,l2,pos_4,0.9157706093189963,0.8226049313005834,0.3451004167590871,22,0.36363636363636365,0.8888888888888888,0.8315412186379928,61
refined_behavior_plus_named_events,29,0.05,l2,pos_4,0.9086021505376344,0.7961443206124057,0.40309357845503624,23,0.34782608695652173,0.8888888888888888,0.8234767025089605,61
refined_behavior_plus_named_events,29,0.2,l2,pos_4,0.9551971326164874,0.8724457215836527,0.27747975873018965,22,0.36363636363636365,0.8888888888888888,0.8315412186379928,62
refined_behavior_plus_named_events,29,0.1,l2,pos_4,0.953405017921147,0.8667477158856471,0.32522612754988384,23,0.34782608695652173,0.8888888888888888,0.8234767025089605,62
refined_behavior_plus_named_events,29,0.05,l2,pos_4,0.9498207885304658,0.8594185583432896,0.38745094666759133,22,0.36363636363636365,0.8888888888888888,0.8315412186379928,62
refined_behavior_plus_named_events,29,0.2,l2,pos_4,0.9767025089605734,0.9054093567251462,0.3389557770650135,22,0.4090909090909091,1.0,0.8951612903225806,63
refined_behavior_plus_named_events,29,0.1,l2,pos_4,0.9731182795698925,0.9003968253968255,0.3923561378058678,22,0.4090909090909091,1.0,0.8951612903225806,63
refined_behavior_plus_named_events,29,0.05,l2,pos_4,0.9623655913978495,0.8688239538239539,0.45653205798952634,22,0.36363636363636365,0.8888888888888888,0.8315412186379928,63
refined_behavior_plus_named_events,29,0.05,l2,pos_4,0.8677248677248678,0.7148350608481329,0.4273762482349019,22,0.3181818181818182,0.7777777777777778,0.7698412698412698,64
refined_behavior_plus_named_events,29,0.1,l2,pos_4,0.8483245149911817,0.701066599479298,0.38665784055998853,22,0.2727272727272727,0.6666666666666666,0.7063492063492063,64
refined_behavior_plus_named_events,29,0.2,l2,pos_4,0.8130511463844797,0.6746572000195188,0.32082813669976523,22,0.2727272727272727,0.6666666666666666,0.7063492063492063,64
refined_behavior_plus_named_events,29,0.2,l2,pos_4,0.985663082437276,0.9477124183006536,0.2869723850116933,22,0.4090909090909091,1.0,0.8951612903225806,65
refined_behavior_plus_named_events,29,0.1,l2,pos_4,0.974910394265233,0.9085858585858586,0.3441723108111094,22,0.4090909090909091,1.0,0.8951612903225806,65
refined_behavior_plus_named_events,29,0.05,l2,pos_4,0.9695340501792116,0.8815135481802149,0.4020948650779983,22,0.4090909090909091,1.0,0.8951612903225806,65
refined_behavior_plus_named_events,29,0.05,l2,pos_4,0.9157706093189965,0.6795875420875421,0.41584184433503857,22,0.36363636363636365,0.8888888888888888,0.8315412186379928,66
refined_behavior_plus_named_events,29,0.1,l2,pos_4,0.8978494623655914,0.6646278966131907,0.3783912566884989,22,0.36363636363636365,0.8888888888888888,0.8315412186379928,66
refined_behavior_plus_named_events,29,0.2,l2,pos_4,0.8888888888888888,0.6599603174603175,0.3097518565481209,24,0.2916666666666667,0.7777777777777778,0.7517921146953406,66
refined_behavior_plus_named_events,29,0.2,l2,pos_4,0.9086021505376344,0.7356930651048299,0.29943949333434156,22,0.36363636363636365,0.8888888888888888,0.8315412186379928,67
refined_behavior_plus_named_events,29,0.1,l2,pos_4,0.9014336917562724,0.723732803144568,0.3410811313251073,22,0.36363636363636365,0.8888888888888888,0.8315412186379928,67
refined_behavior_plus_named_events,29,0.05,l2,pos_4,0.8942652329749103,0.7301165554788744,0.39457592231332184,22,0.36363636363636365,0.8888888888888888,0.8315412186379928,67
refined_behavior_plus_named_events,29,0.1,l2,pos_4,0.8994708994708994,0.8152505446623093,0.3578673377179516,22,0.36363636363636365,0.8888888888888888,0.8333333333333333,68
refined_behavior_plus_named_events,29,0.2,l2,pos_4,0.8977072310405644,0.8206509539842874,0.2935356965067117,22,0.36363636363636365,0.8888888888888888,0.8333333333333333,68
refined_behavior_plus_named_events,29,0.05,l2,pos_4,0.8941798941798942,0.7993827160493827,0.39420721750175913,22,0.36363636363636365,0.8888888888888888,0.8333333333333333,68
refined_behavior_plus_named_events,29,0.2,l2,pos_4,0.9265232974910395,0.8293989960656627,0.25231240261129134,22,0.36363636363636365,0.8888888888888888,0.8315412186379928,69
refined_behavior_plus_named_events,29,0.1,l2,pos_4,0.9247311827956989,0.8402437069103736,0.3276898081772323,22,0.36363636363636365,0.8888888888888888,0.8315412186379928,69
refined_behavior_plus_named_events,29,0.05,l2,pos_4,0.9157706093189965,0.8083475494823011,0.38808434513471646,22,0.36363636363636365,0.8888888888888888,0.8315412186379928,69
refined_behavior_plus_named_events,29,0.1,l2,pos_4,0.9068100358422939,0.8156328320802007,0.3248025153032725,22,0.36363636363636365,0.8888888888888888,0.8315412186379928,70
refined_behavior_plus_named_events,29,0.2,l2,pos_4,0.9050179211469535,0.8173985890652558,0.2671438921844526,24,0.3333333333333333,0.8888888888888888,0.8154121863799283,70
refined_behavior_plus_named_events,29,0.05,l2,pos_4,0.9032258064516129,0.7697614442295293,0.3841625503480025,22,0.36363636363636365,0.8888888888888888,0.8315412186379928,70
refined_behavior_plus_named_events,29,0.2,l2,pos_4,0.9731182795698924,0.8919753086419755,0.3023571263859391,22,0.4090909090909091,1.0,0.8951612903225806,71
refined_behavior_plus_named_events,29,0.1,l2,pos_4,0.9695340501792115,0.8901515151515154,0.3722620800768411,22,0.4090909090909091,1.0,0.8951612903225806,71
refined_behavior_plus_named_events,29,0.05,l2,pos_4,0.9623655913978496,0.85476573882371,0.42834397831441406,22,0.36363636363636365,0.8888888888888888,0.8315412186379928,71
refined_behavior_plus_named_events,29,0.05,l2,pos_4,0.9223985890652557,0.7481481481481482,0.3723496905511754,22,0.36363636363636365,0.8888888888888888,0.8333333333333333,72
refined_behavior_plus_named_events,29,0.1,l2,pos_4,0.9153439153439152,0.7433611477089739,0.31805020583757704,22,0.3181818181818182,0.7777777777777778,0.7698412698412698,72
refined_behavior_plus_named_events,29,0.2,l2,pos_4,0.908289241622575,0.7217398070339247,0.26769938597491727,22,0.3181818181818182,0.7777777777777778,0.7698412698412698,72
refined_behavior_plus_named_events,29,0.2,l2,pos_4,0.9838709677419355,0.9083333333333334,0.22722284462860456,22,0.4090909090909091,1.0,0.8951612903225806,73
refined_behavior_plus_named_events,29,0.1,l2,pos_4,0.978494623655914,0.8938271604938273,0.28655019446761404,22,0.4090909090909091,1.0,0.8951612903225806,73
refined_behavior_plus_named_events,29,0.05,l2,pos_4,0.9677419354838709,0.8239316239316241,0.3850138545189515,22,0.4090909090909091,1.0,0.8951612903225806,73
refined_behavior_plus_named_events,29,0.05,l2,pos_4,0.9372759856630825,0.7793099647266315,0.42171794868813756,22,0.36363636363636365,0.8888888888888888,0.8315412186379928,74
refined_behavior_plus_named_events,29,0.2,l2,pos_4,0.9318996415770608,0.7620879664997313,0.2817523747947266,22,0.36363636363636365,0.8888888888888888,0.8315412186379928,74
refined_behavior_plus_named_events,29,0.1,l2,pos_4,0.9301075268817205,0.7454611474219319,0.34434067268163593,22,0.36363636363636365,0.8888888888888888,0.8315412186379928,74
refined_behavior_plus_named_events,29,0.2,l2,pos_4,0.899641577060932,0.7577819006390436,0.316126239335075,23,0.34782608695652173,0.8888888888888888,0.8234767025089605,75
refined_behavior_plus_named_events,29,0.1,l2,pos_4,0.8942652329749103,0.7466983561101208,0.3796574379981943,22,0.36363636363636365,0.8888888888888888,0.8315412186379928,75
refined_behavior_plus_named_events,29,0.05,l2,pos_4,0.8781362007168458,0.7208180708180709,0.4096092257806684,23,0.34782608695652173,0.8888888888888888,0.8234767025089605,75
refined_behavior_plus_named_events,29,0.1,l2,pos_4,0.9153439153439153,0.8392050587172539,0.33696566340653844,22,0.3181818181818182,0.7777777777777778,0.7698412698412698,76
refined_behavior_plus_named_events,29,0.05,l2,pos_4,0.9153439153439153,0.8376068376068377,0.41172478854023703,22,0.3181818181818182,0.7777777777777778,0.7698412698412698,76
refined_behavior_plus_named_events,29,0.2,l2,pos_4,0.9135802469135802,0.8386243386243386,0.2908063721447035,22,0.3181818181818182,0.7777777777777778,0.7698412698412698,76
refined_behavior_plus_named_events,29,0.1,l2,pos_4,0.899641577060932,0.8011866908925733,0.3462029850392809,22,0.3181818181818182,0.7777777777777778,0.7679211469534051,77
refined_behavior_plus_named_events,29,0.2,l2,pos_4,0.8978494623655915,0.8007936507936508,0.3157289924622007,23,0.30434782608695654,0.7777777777777778,0.7598566308243728,77
refined_behavior_plus_named_events,29,0.05,l2,pos_4,0.8942652329749103,0.7812099693678642,0.39121730541041233,22,0.3181818181818182,0.7777777777777778,0.7679211469534051,77
refined_behavior_plus_named_events,29,0.2,l2,pos_4,0.9856630824372761,0.9188983855650523,0.2591081326315432,22,0.4090909090909091,1.0,0.8951612903225806,78
refined_behavior_plus_named_events,29,0.1,l2,pos_4,0.985663082437276,0.9188983855650523,0.31721541893300736,22,0.4090909090909091,1.0,0.8951612903225806,78
refined_behavior_plus_named_events,29,0.05,l2,pos_4,0.9838709677419355,0.9134038800705468,0.38379375272217736,22,0.4090909090909091,1.0,0.8951612903225806,78
refined_behavior_plus_named_events,29,0.05,l2,pos_4,0.9498207885304658,0.8517331433998101,0.39973070045712394,22,0.36363636363636365,0.8888888888888888,0.8315412186379928,79
refined_behavior_plus_named_events,29,0.1,l2,pos_4,0.9354838709677419,0.8603603603603605,0.32090211386607415,22,0.36363636363636365,0.8888888888888888,0.8315412186379928,79
refined_behavior_plus_named_events,29,0.2,l2,pos_4,0.931899641577061,0.8563811489508084,0.2550987378709874,22,0.36363636363636365,0.8888888888888888,0.8315412186379928,79
refined_behavior_plus_named_events,29,0.1,l2,pos_4,0.9029982363315697,0.7268518518518519,0.29889637494587795,22,0.36363636363636365,0.8888888888888888,0.8333333333333333,80
refined_behavior_plus_named_events,29,0.05,l2,pos_4,0.9012345679012346,0.7283152361166545,0.36432485427282224,22,0.36363636363636365,0.8888888888888888,0.8333333333333333,80
refined_behavior_plus_named_events,29,0.2,l2,pos_4,0.8994708994708995,0.7150132275132275,0.25711424773590474,22,0.36363636363636365,0.8888888888888888,0.8333333333333333,80
