variant,key,activity_key,users,n
beta_A,plant_seed,True,5,1664.0
beta_B,chop_tree,True,5,1242.0
beta_A,harvest_crop,True,5,1185.0
beta_A,water_crop,True,5,1059.0
beta_A,chop_tree,True,5,972.0
beta_A,npc_talk,True,5,783.0
beta_A,mine_ore,True,5,655.0
beta_A,firefly_swing_empty,True,5,380.0
beta_A,forage_pick,True,5,319.0
beta_A,firefly_swing,True,5,315.0
beta_A,quest_offered,True,5,295.0
beta_A,quest_accept,True,5,252.0
beta_A,dex_discover,True,5,245.0
beta_A,quest_complete,True,5,245.0
beta_A,fishing_cast,True,5,240.0
beta_A,shop_sell,True,5,239.0
beta_A,fishing_catch,True,5,224.0
beta_B,dex_discover,True,5,218.0
beta_A,zone_enter,True,5,202.0
beta_A,firefly_catch,True,5,160.0
beta_A,mist_soothe,True,5,89.0
beta_A,cooking_result,True,5,77.0
beta_A,cooking_start,True,5,77.0
beta_A,museum_exhibit_view,True,5,73.0
beta_A,craft_item,True,5,67.0
beta_A,color_unlock,True,5,59.0
beta_A,lucky_box,True,5,59.0
beta_A,enter_farm,True,5,48.0
beta_A,enter_house,True,5,48.0
beta_A,exit_farm,True,5,47.0
beta_A,kitchen_open,True,5,46.0
beta_A,badge_earn,True,5,43.0
beta_A,cafe_serve,True,5,43.0
beta_A,exit_house,True,5,43.0
beta_A,boat_pickup,True,5,34.0
beta_A,enter_mine,True,5,34.0
beta_A,exit_mine,True,5,34.0
beta_B,weather_day,True,5,34.0
beta_A,daily_bonus,True,5,28.0
beta_A,mist_lantern,True,5,28.0
beta_A,place_decor,True,5,27.0
beta_B,first_chop,True,5,27.0
beta_A,map_locked,True,5,26.0
beta_A,mist_wave,True,5,25.0
beta_A,weather_day,True,5,25.0
beta_B,daily_bonus,True,5,25.0
beta_A,enter_cafe,True,5,23.0
beta_A,exit_cafe,True,5,23.0
beta_A,first_chop,True,5,23.0
beta_A,story_chapter_start,True,5,20.0
beta_A,story_chapter_complete,True,5,19.0
beta_B,story_chapter_start,True,5,19.0
beta_A,night_trace,True,5,18.0
beta_A,owl_special_deliver,True,5,17.0
beta_A,boat_enter,True,5,15.0
beta_A,boat_exit,True,5,14.0
beta_A,boat_hit,True,5,13.0
beta_A,coop_feed,True,5,13.0
beta_A,notice_open,True,5,12.0
beta_A,cook_eat,True,5,11.0
beta_A,mist_enter,True,5,11.0
beta_A,mist_exit,True,5,11.0
beta_A,boat_end,True,5,10.0
beta_A,boat_start,True,5,10.0
beta_A,cafe_guests_generated,True,5,10.0
beta_A,map_opened,True,5,10.0
beta_A,mist_end,True,5,10.0
beta_A,mist_purify_start,True,5,10.0
beta_A,museum_enter,True,5,10.0
beta_A,museum_exit,True,5,10.0
beta_A,night_visit,True,5,8.0
beta_B,nickname_set,True,5,8.0
beta_A,boat_shop_open,True,5,7.0
beta_B,character_select,True,5,7.0
beta_B,intro_start,True,5,7.0
beta_A,mist_choice,True,5,6.0
beta_A,mist_choice_shown,True,5,6.0
beta_A,nickname_set,True,5,6.0
beta_B,intro_complete,True,5,6.0
beta_A,character_select,True,5,5.0
beta_A,coop_build,True,5,5.0
beta_A,house_complete,True,5,5.0
beta_A,intro_start,True,5,5.0
beta_A,tutorial_start,True,5,5.0
beta_B,plant_seed,True,4,1352.0
beta_B,water_crop,True,4,1242.0
beta_B,harvest_crop,True,4,874.0
beta_B,mine_ore,True,4,862.0
beta_B,forage_pick,True,4,716.0
beta_B,npc_talk,True,4,552.0
beta_B,fishing_cast,True,4,382.0
beta_B,zone_enter,True,4,378.0
beta_B,fishing_catch,True,4,343.0
beta_B,quest_offered,True,4,203.0
beta_B,quest_accept,True,4,168.0
beta_B,quest_complete,True,4,163.0
beta_B,cooking_result,True,4,81.0
beta_B,cooking_start,True,4,81.0
beta_A,mist_soothe_miss,True,4,73.0
beta_B,color_unlock,True,4,53.0
beta_B,cafe_serve,True,4,51.0
beta_B,lucky_box,True,4,42.0
beta_B,enter_mine,True,4,38.0
beta_B,exit_mine,True,4,37.0
beta_B,badge_earn,True,4,32.0
beta_A,move_decor,True,4,27.0
beta_A,pick_decor,True,4,27.0
beta_A,gift_give,True,4,26.0
beta_A,leaderboard_open,True,4,24.0
beta_B,enter_cafe,True,4,23.0
beta_B,exit_cafe,True,4,23.0
beta_A,notice_page,True,4,19.0
beta_B,story_chapter_complete,True,4,16.0
beta_A,house_expand,True,4,12.0
beta_B,cafe_complete,True,4,12.0
beta_B,coop_feed,True,4,12.0
beta_B,map_opened,True,4,11.0
beta_B,carve_result,True,4,10.0
beta_B,carve_start,True,4,10.0
beta_B,notice_open,True,4,7.0
beta_B,house_complete,True,4,5.0
beta_A,tutorial_skip,True,4,4.0
beta_B,coop_build,True,4,4.0
beta_B,tutorial_start,True,4,4.0
beta_B,firefly_swing_empty,True,3,1200.0
beta_B,firefly_swing,True,3,816.0
beta_B,shop_sell,True,3,608.0
beta_B,firefly_catch,True,3,516.0
beta_A,dig_plot,True,3,198.0
beta_B,enter_farm,True,3,66.0
beta_B,exit_farm,True,3,64.0
beta_B,pick_decor,True,3,64.0
beta_B,boat_pickup,True,3,62.0
beta_B,move_decor,True,3,60.0
beta_B,craft_item,True,3,58.0
beta_B,kitchen_open,True,3,48.0
beta_B,place_decor,True,3,42.0
beta_B,enter_house,True,3,38.0
beta_B,exit_house,True,3,34.0
beta_B,sea_cast,True,3,27.0
beta_A,sea_cast,True,3,25.0
beta_A,pick_outdoor,True,3,24.0
beta_B,boat_end,True,3,24.0
beta_B,boat_start,True,3,24.0
beta_A,move_outdoor,True,3,23.0
beta_B,boat_hit,True,3,22.0
beta_B,boat_enter,True,3,20.0
beta_B,house_addon_buy,True,3,19.0
beta_A,guide_section,True,3,17.0
beta_B,boat_exit,True,3,17.0
beta_B,gift_give,True,3,17.0
beta_B,sea_miss,True,3,16.0
beta_A,sea_catch,True,3,14.0
beta_A,sea_miss,True,3,11.0
beta_B,sea_catch,True,3,11.0
beta_B,owl_special_deliver,True,3,10.0
beta_A,coop_collect,True,3,8.0
beta_B,coop_collect,True,3,8.0
beta_A,cafe_complete,True,3,7.0
beta_A,carve_result,True,3,7.0
beta_A,carve_start,True,3,7.0
beta_A,photo_capture,True,3,7.0
beta_A,sea_enter,True,3,7.0
beta_B,cook_eat,True,3,7.0
beta_A,sea_exit,True,3,6.0
beta_B,house_expand,True,3,6.0
beta_B,night_visit,True,3,6.0
beta_A,dex_open,True,3,5.0
beta_A,fishing_miss,True,3,5.0
beta_A,museum_view_open,True,3,5.0
beta_B,merchant_visit,True,3,5.0
beta_A,guide_open,True,3,4.0
beta_A,intro_skip,True,3,3.0
beta_B,sea_enter,True,3,3.0
beta_B,sea_exit,True,3,3.0
beta_B,dig_plot,True,2,99.0
beta_B,mist_soothe,True,2,66.0
beta_B,museum_exhibit_view,True,2,65.0
beta_B,mist_soothe_miss,True,2,46.0
beta_B,leaderboard_open,True,2,32.0
beta_B,guide_section,True,2,29.0
beta_B,pick_outdoor,True,2,27.0
beta_B,move_outdoor,True,2,24.0
beta_B,shop_buy,True,2,22.0
beta_B,mist_wave,True,2,20.0
beta_B,feedback_submit,True,2,17.0
beta_B,notice_page,True,2,14.0
beta_B,mist_lantern,True,2,12.0
beta_B,dex_open,True,2,10.0
beta_B,fishing_miss,True,2,10.0
beta_B,mist_end,True,2,9.0
beta_B,mist_purify_start,True,2,9.0
beta_B,cook_store,True,2,8.0
beta_B,map_locked,True,2,8.0
beta_B,cafe_guests_generated,True,2,7.0
beta_A,house_addon_buy,True,2,6.0
beta_A,mist_practice_miss,True,2,6.0
beta_B,dig_expire,True,2,6.0
beta_B,mist_practice_miss,True,2,5.0
beta_B,night_trace,True,2,5.0
beta_A,cook_store,True,2,4.0
beta_B,mist_enter,True,2,4.0
beta_B,mist_exit,True,2,4.0
beta_B,museum_enter,True,2,4.0
beta_B,museum_exit,True,2,4.0
beta_A,mist_practice_offer,True,2,3.0
beta_B,guide_close,True,2,3.0
beta_B,guide_open,True,2,3.0
beta_B,tutorial_skip,True,2,3.0
beta_A,guide_close,True,2,2.0
beta_A,intro_complete,True,2,2.0
beta_A,merchant_visit,True,2,2.0
beta_A,mist_practice_end,True,2,2.0
beta_A,mist_practice_soothe,True,2,2.0
beta_A,mist_practice_start,True,2,2.0
beta_A,mist_practice_step,True,2,2.0
beta_A,quest_autoskip,True,2,2.0
beta_A,save_load_failed,True,2,2.0
beta_A,save_load_recovered,True,2,2.0
beta_A,starter_bed,True,2,2.0
beta_B,mist_choice,True,2,2.0
beta_B,mist_choice_shown,True,2,2.0
beta_B,mist_practice_end,True,2,2.0
beta_B,mist_practice_soothe,True,2,2.0
beta_B,mist_practice_start,True,2,2.0
beta_B,mist_practice_step,True,2,2.0
beta_B,quest_autoskip,True,2,2.0
beta_B,save_load_failed,True,2,2.0
beta_B,save_load_recovered,True,2,2.0
beta_B,tutorial_complete,True,2,2.0
beta_A,hireboard_open,True,1,13.0
beta_A,shop_buy,True,1,10.0
beta_B,npc_chat_turn,True,1,10.0
beta_A,npc_talk_turn,True,1,6.0
beta_B,boat_shop_open,True,1,6.0
beta_B,hireboard_open,True,1,6.0
beta_B,warehouse_take,True,1,6.0
beta_A,album_open,True,1,5.0
beta_A,boat_upgrade,True,1,5.0
beta_B,use_bait,True,1,5.0
beta_B,worker_offline,True,1,5.0
beta_A,photo_delete,True,1,4.0
beta_B,npc_chat_open,True,1,4.0
beta_A,worker_fire,True,1,3.0
beta_A,worker_hire,True,1,3.0
beta_B,boat_upgrade,True,1,3.0
beta_B,museum_floor,True,1,3.0
beta_B,museum_view_open,True,1,3.0
beta_B,npc_chat_done,True,1,3.0
beta_B,store_decor,True,1,3.0
beta_B,worker_hire,True,1,3.0
beta_A,museum_floor,True,1,2.0
beta_A,npc_talk_done,True,1,2.0
beta_A,npc_talk_open,True,1,2.0
beta_B,farm_expand,True,1,2.0
beta_B,weed_pull,True,1,2.0
beta_B,worker_promote,True,1,2.0
beta_A,cafe_open,True,1,1.0
beta_A,farm_expand,True,1,1.0
beta_A,feedback_submit,True,1,1.0
beta_A,honey_collect,True,1,1.0
beta_A,museum_expand,True,1,1.0
beta_A,photo_share,True,1,1.0
beta_A,photo_upload,True,1,1.0
beta_A,sleep,True,1,1.0
beta_A,tutorial_complete,True,1,1.0
beta_B,album_open,True,1,1.0
beta_B,cafe_open,True,1,1.0
beta_B,character_change,True,1,1.0
beta_B,honey_collect,True,1,1.0
beta_B,intro_skip,True,1,1.0
beta_B,login_screen,True,1,1.0
beta_B,photo_capture,True,1,1.0
beta_B,seed_select,True,1,1.0
beta_B,starter_bed,True,1,1.0
beta_B,use_fert,True,1,1.0
beta_B,worker_wage,True,1,1.0
beta_A,churn_score,False,5,1323.0
beta_B,churn_score,False,5,934.0
beta_B,login,False,5,58.0
beta_A,login,False,5,48.0
beta_B,session_time,False,5,48.0
beta_A,tutorial_step,False,5,44.0
beta_A,diary_open,False,5,36.0
beta_A,session_time,False,5,32.0
beta_A,tut_build,False,5,5.0
beta_A,tut_chop,False,5,5.0
beta_A,tut_enter,False,5,5.0
beta_A,tut_fish,False,5,5.0
beta_A,tut_move,False,5,5.0
beta_A,tut_toolpage,False,5,5.0
beta_B,diary_open,False,4,19.0
beta_B,tutorial_step,False,3,37.0
beta_B,tut_chop,False,3,3.0
beta_B,tut_move,False,3,3.0
beta_B,tut_toolpage,False,3,3.0
beta_A,tut_decor,False,2,2.0
beta_A,tut_seed,False,2,2.0
beta_A,tut_till,False,2,2.0
beta_B,tut_build,False,2,2.0
beta_B,tut_carve,False,2,2.0
beta_B,tut_decor,False,2,2.0
beta_B,tut_dex,False,2,2.0
beta_B,tut_enter,False,2,2.0
beta_B,tut_fish,False,2,2.0
beta_B,tut_harvest,False,2,2.0
beta_B,tut_market,False,2,2.0
beta_B,tut_mine,False,2,2.0
beta_B,tut_quest,False,2,2.0
beta_B,tut_seed,False,2,2.0
beta_B,tut_sell,False,2,2.0
beta_B,tut_till,False,2,2.0
beta_B,tut_water,False,2,2.0
beta_A,tut_carve,False,1,1.0
beta_A,tut_dex,False,1,1.0
beta_A,tut_harvest,False,1,1.0
beta_A,tut_market,False,1,1.0
beta_A,tut_mine,False,1,1.0
beta_A,tut_quest,False,1,1.0
beta_A,tut_sell,False,1,1.0
beta_A,tut_water,False,1,1.0
