grp,map_order,email,day,q1,q2,q3,q4,q5,q6,q7,variant,diary_map_order,client_id,updated_at,variant_roster,tester
A,mist_first,2017103824nhc@gmail.com,7,"주민 퀘스트, 텃밭 확장 밑 시설 추가, 일꾼 고용","1. 텃밭에 고용한 일꾼을 해고한 이후에도 고용 상태가 유지되는 것으로 표시되어, 해당 일꾼을 다시 고용할 수 없는 문제가 발생합니다. 일꾼 해고 시 고용 상태가 정상적으로 갱신되도록 수정하여, 필요에 따라 일꾼을 재고용할 수 있도록 개선할 필요가 있습니다.",3,봤어요,마을,A,,beta_A,mist_first,c-841cf77d-87df-4fcc-8fb2-62115be35519,2026-09-15 12:52:10.241000+00:00,beta_A,T01
A,mist_first,hansj.log@gmail.com,7,"집 증축 끝까지 함
광질 엄청 함
퀘스트를 이것저것 깸
박물관에 들어가봄","집을 끝까지 증축하는 조건이 넘 쉬워서 한번에 다 해버리게 됐어요
뭔가 동물의 숲처럼 증축하는데 좀 힘들었으면 좋겠다는 생각",2,모르겠어요,요리,B,"- 부엉이가 너무 빈번하게 날아다녀요 심지어 너무 빠름
- 텍스트가 너무 많아요. 물 주기나 씨앗 심기 이런건 그냥 아이콘 하나로 대체하면 될 듯.
- 심지어 그 텍스트에서 AI 문체인게 티가 많이 나서 글이 잘 안읽혀요
- 단축기 설정 추가해주세요 q=퀘스트 b=가방 m=미니맵 확대 이정도만 있어도 엄청 편해질거같아요
- 우클릭으로 드래그하면 화면 돌아가게 해주세요. 고정되어있으니까 넘 답답해요
- 반딧불이 잡을 때 처음에 나오는 화면 전환 효과 빼고 이펙트를 더 강하게 넣어서 잡았다는것을 확실히 알 수 있도록 해주세요",beta_A,mist_first,c-913b6f37-fc2b-4494-bd42-134ba08695a0,2026-09-15 04:33:19.217000+00:00,beta_A,T02
A,sea_first,jykim0931@gmail.com,7,일일 퀘스트 및 버그 확인.,"지루한 부분은 없었지만, 퀘스트 후에 공허합니다.",3,못 봤어요,요리,B,"작업대에서 도구였다가 야외, 선물, 조각 누르면 크기가 달라지는게 불편합니다.
자동수확하는 펫이 생겨도 괜찮을 것 같습니다.
대신 내가 직접하는것보다 일은 좀 느리게 하는걸로 했으면 좋겠습니다.
퀘스트를 받은 후 다른 퀘스트를 받고 나서 다른 퀘스트를 완료하면 기존 퀘스트가 안 보이는 버그가 있ㅅ브니다.
퀘스트가 있는 npc는 맵에 표시하거나 어디서 볼 수 있게 해줬으면 좋겠습니다.",beta_A,sea_first,c-6c0f3dda-eb43-42ac-8324-ec1895c78ee4,2026-09-15 01:46:01.017000+00:00,beta_A,T04
A,sea_first,sqwogh@gmail.com,6,마지막 단계까지 집 증축하고 퀘스트 깼습니다.,특별히 막힌 부분은 없었습니다.,3,못 봤어요,요리,A,"1. 상점 '사기' 탭을 포함한 몇몇 대화상자가 너무 커서 화면 밖으로 나갑니다.  익스플로러 기능으로 줌을 땡기거나 하면 화면 안에 들어오게 만들 수 있긴 한데, 스크롤바 등으로 확인할 수 있게 만드는 게 좋을 것 같아요.
2. 박물관 출입 방식이 조금 이상합니다. 1) 2층 출입구 그래픽이 없어서 오른쪽 상단 구석으로 가서 스페이스바를 연타해야 하는 게 불편합니다 2) 2층에서 1층을 거치지 않고 밖으로 바로 나갈 수 있는 게 편리하긴 하지만 좀 어색합니다.",beta_A,sea_first,c-9bc15435-eaca-4508-8743-6f7076b4c2ae,2026-09-15 06:05:11.795000+00:00,beta_A,T05
B,sea_first,gjdbqls250@gmail.com,7,"퀘스트, 보트타기, 텃밭",포도는 어떻게 심나요,2,모르겠어요,마을,B,,beta_B,sea_first,c-530d5746-aad0-4dd7-b3f4-50abb3ad39a5,2026-09-15 05:19:18.267000+00:00,beta_B,T06
B,sea_first,phoebeeju@gmail.com,7,"오늘은 너무 다양하게 해서 ... 기억력 이슈

가장 큰 일: 집 증축 완성 및 인테리어

기타 업무: 인테리어, 농작물 사기, 각종 이웃들 의뢰 수락, 모이주기, 작물 심고 수확하기, 카페 서빙하기","가구를 사느라 당근을 다 썼는데 당근은 상점에서 못사고 씨앗도 없더라고요 근데 뭔가 하다보면 생겨있는데 당근은 어떻게 구하는건지 의아했다

당근이 부족해서 서빙도 한 건 못해서 당근 구하는 법이 더 궁금했습니다",4,봤어요 · 오늘도 미션 진행 또는 미션 완료 시 안내문구가 떠써 따랐습니다,마을,B,"약간의 오류 같은데 집꾸미기를 하면서 배치했던 가구가 마을 끝에 배치되어 있더라고요
+ 가구 배치 각도 바꿀 수 있었으면 좋겠어요 ㅎㅎ 회전도 시키고 싶음
그리고 밤에 동굴 들어가면 아예 안보여서 허공에 괭이질 하는데 살짝 더 밝았으면 좋을 것 같습니다",beta_B,sea_first,c-80cc6d4c-d405-4e16-898a-f6c1e4f17a52,2026-09-15 04:36:12.308000+00:00,beta_B,T08
