device_label,split_segment,channel_segment,early_tracked_events,early_actions,deliberate_share,later_active,channel_raw_rank,early_actions_raw_rank,early_tracked_raw_rank,deliberate_share_raw_rank,refined_behavior,refined_behavior_plus_named_events,refined_plus_profile,selected_score,selected_rank
D001,고밀도+의도행동 많음,토스 관측,184,111,0.6032608695652174,True,1,111,184,0.6032608695652174,0.8252001454490978,0.9712391818978148,0.8265082427516544,0.8252001454490978,8
D002,고밀도+의도행동 많음,메인·웹만,41,7,0.1707317073170731,True,0,7,41,0.1707317073170731,0.9108301026158796,0.8943983568172384,0.9294453424556408,0.9108301026158796,6
D003,저밀도+의도행동 없음,메인·웹만,4,0,0.0,False,0,0,4,0.0,0.08400303866392315,0.08186017884530356,0.06964111510480415,0.08400303866392315,79
D004,저밀도+의도행동 없음,메인·웹만,4,0,0.0,False,0,0,4,0.0,0.0852729119603481,0.08335058029726873,0.07194523741746753,0.0852729119603481,77
D005,저밀도+의도행동 없음,메인·웹만,3,0,0.0,False,0,0,3,0.0,0.0392486150395546,0.04490319461197367,0.019444214513444455,0.0392486150395546,94
D006,저밀도+의도행동 없음,토스 관측,7,0,0.0,False,1,0,7,0.0,0.229996867346433,0.1648056082542237,0.13081551225756294,0.229996867346433,57
D007,저밀도+의도행동 없음,메인·웹만,5,0,0.0,False,0,0,5,0.0,0.13622977279787502,0.1177359267698843,0.07167462005185013,0.13622977279787502,74
D008,고밀도+의도행동 많음,토스 관측,230,100,0.4347826086956521,True,1,100,230,0.4347826086956521,0.9862388846986933,0.9361601926468655,0.9832326049660196,0.9862388846986933,1
D009,고밀도+의도행동 많음,토스 관측,165,88,0.5333333333333333,True,1,88,165,0.5333333333333333,0.6371029572843735,0.9591064237027882,0.6310874341543093,0.6371029572843735,14
D010,저밀도+의도행동 없음,메인·웹만,5,0,0.0,False,0,0,5,0.0,0.26533916146745457,0.22831482353757251,0.2716344836974412,0.26533916146745457,38
D011,고밀도+의도행동 많음,토스 관측,310,219,0.7064516129032258,True,1,219,310,0.7064516129032258,0.9304956518626608,0.9898124334218236,0.9270741901042578,0.9304956518626608,3
D012,고밀도+의도행동 적음,메인·웹만,29,3,0.1034482758620689,False,0,3,29,0.1034482758620689,0.12909090887310382,0.2158058349157546,0.2063727672060913,0.12909090887310382,75
D013,고밀도+의도행동 많음,토스 관측,143,76,0.5314685314685315,True,1,76,143,0.5314685314685315,0.9095244734307086,0.9826137487318288,0.9183154435215042,0.9095244734307086,7
D014,저밀도+의도행동 없음,토스 관측,13,0,0.0,False,1,0,13,0.0,0.3908559096985061,0.37710414506386286,0.3259132712326408,0.3908559096985061,25
D015,저밀도+의도행동 없음,토스 관측,6,0,0.0,False,1,0,6,0.0,0.15382817821583916,0.12062459290520142,0.08441696449273085,0.15382817821583916,70
D016,고밀도+의도행동 많음,토스 관측,87,47,0.5402298850574713,False,1,47,87,0.5402298850574713,0.39558338339972865,0.2918007349387381,0.35227818986962833,0.39558338339972865,24
D017,저밀도+의도행동 없음,토스 관측,19,0,0.0,False,1,0,19,0.0,0.3344976722808397,0.3188426465949969,0.2852102519587138,0.3344976722808397,32
D018,고밀도+의도행동 적음,토스 관측,20,0,0.0,True,1,0,20,0.0,0.468563779530499,0.3457435128803642,0.3265116374724897,0.468563779530499,22
D019,저밀도+의도행동 없음,토스 관측,19,0,0.0,True,1,0,19,0.0,0.5630256216563453,0.6809663422460046,0.5082180119053765,0.5630256216563453,18
D020,저밀도+의도행동 없음,메인·웹만,6,0,0.0,False,0,0,6,0.0,0.21887834787817512,0.29020014574864883,0.23674617018700247,0.21887834787817512,65
D021,저밀도+의도행동 없음,토스 관측,11,0,0.0,False,1,0,11,0.0,0.1717776364066941,0.18631229891311482,0.10608897368821238,0.1717776364066941,67
D022,저밀도+의도행동 없음,메인·웹만,6,0,0.0,False,0,0,6,0.0,0.2257288475497956,0.30760330968026167,0.2479540162627377,0.2257288475497956,60
D023,저밀도+의도행동 없음,메인·웹만,10,0,0.0,False,0,0,10,0.0,0.6176468251125611,0.701882968457729,0.6323627482006106,0.6176468251125611,17
D024,저밀도+의도행동 없음,메인·웹만,5,0,0.0,False,0,0,5,0.0,0.2382433879507814,0.2080464700193983,0.20130853350303776,0.2382433879507814,49
D025,저밀도+의도행동 없음,메인·웹만,5,0,0.0,False,0,0,5,0.0,0.23487162023442032,0.20350565060537126,0.20090251127810455,0.23487162023442032,53
D026,저밀도+의도행동 없음,메인·웹만,7,0,0.0,True,0,0,7,0.0,0.13793272820510682,0.16628330781469675,0.1224000178578603,0.13793272820510682,73
D027,저밀도+의도행동 없음,메인·웹만,4,0,0.0,False,0,0,4,0.0,0.08278330226700194,0.08016156162567455,0.0419908042404502,0.08278330226700194,80
D028,저밀도+의도행동 없음,메인·웹만,6,0,0.0,False,0,0,6,0.0,0.22780492558460266,0.3127984410427484,0.2516210983296227,0.22780492558460266,59
D029,저밀도+의도행동 없음,메인·웹만,4,0,0.0,False,0,0,4,0.0,0.08415772497773226,0.0834129046807152,0.03676328672026397,0.08415772497773226,78
D030,저밀도+의도행동 없음,메인·웹만,19,0,0.0,False,0,0,19,0.0,0.14930379064670798,0.2743595371710856,0.22559041138539748,0.14930379064670798,72
D031,저밀도+의도행동 없음,토스 관측,14,0,0.0,False,1,0,14,0.0,0.235576571814651,0.25116773929049757,0.19432401971053775,0.235576571814651,52
D032,고밀도+의도행동 많음,토스 관측,33,7,0.2121212121212121,False,1,7,33,0.2121212121212121,0.26092035815033854,0.11100386240696469,0.19480389758072966,0.26092035815033854,39
D033,저밀도+의도행동 없음,메인·웹만,4,0,0.0,False,0,0,4,0.0,0.08265014131984555,0.0797685317470649,0.06776506888715564,0.08265014131984555,81
D034,저밀도+의도행동 없음,메인·웹만,4,0,0.0,False,0,0,4,0.0,0.07862484626166773,0.07732680692586345,0.04036263192262712,0.07862484626166773,87
D035,고밀도+의도행동 많음,토스 관측,50,9,0.18,False,1,9,50,0.18,0.43670247089070385,0.29405691118809296,0.3451136033879834,0.43670247089070385,23
D036,저밀도+의도행동 없음,메인·웹만,4,0,0.0,False,0,0,4,0.0,0.08074293115793418,0.07984790504903472,0.04157427176873922,0.08074293115793418,85
D037,저밀도+의도행동 없음,메인·웹만,3,0,0.0,False,0,0,3,0.0,0.03790339872006993,0.04502947088402353,0.031555682041921634,0.03790339872006993,95
D038,저밀도+의도행동 없음,메인·웹만,3,0,0.0,False,0,0,3,0.0,0.039372370286546186,0.0464015265024046,0.033359410558101266,0.039372370286546186,92
D039,저밀도+의도행동 있음,토스 관측,19,1,0.0526315789473684,False,1,1,19,0.0526315789473684,0.3218044820445663,0.2916568563000348,0.27316691997554055,0.3218044820445663,35
D040,저밀도+의도행동 없음,메인·웹만,4,0,0.0,False,0,0,4,0.0,0.08121066822543169,0.07929690829805916,0.04152424318299199,0.08121066822543169,82
D041,고밀도+의도행동 적음,메인·웹만,103,1,0.0097087378640776,True,0,1,103,0.0097087378640776,0.9261269268563161,0.8442058152095566,0.9486862164571755,0.9261269268563161,5
D042,저밀도+의도행동 없음,메인·웹만,18,0,0.0,False,0,0,18,0.0,0.23349981655784213,0.2141047138699328,0.2648972618370149,0.23349981655784213,54
D043,저밀도+의도행동 없음,메인·웹만,5,0,0.0,False,0,0,5,0.0,0.07611479919035384,0.12304124686842044,0.05846232327589482,0.07611479919035384,89
D044,고밀도+의도행동 많음,토스 관측,42,14,0.3333333333333333,True,1,14,42,0.3333333333333333,0.9277196076581395,0.797735166253738,0.9127946602228936,0.9277196076581395,4
D045,저밀도+의도행동 없음,메인·웹만,5,0,0.0,False,0,0,5,0.0,0.2550528211307374,0.22309455612687334,0.21675490519676235,0.2550528211307374,41
D046,고밀도+의도행동 많음,토스 관측,111,55,0.4954954954954955,False,1,55,111,0.4954954954954955,0.6764900178518565,0.3803651206663476,0.6369125028276025,0.6764900178518565,11
D047,저밀도+의도행동 없음,메인·웹만,4,0,0.0,False,0,0,4,0.0,0.07808921470096576,0.07774549496494275,0.0644025480134415,0.07808921470096576,88
D048,저밀도+의도행동 없음,메인·웹만,6,0,0.0,False,0,0,6,0.0,0.36191001807997153,0.28908099126600695,0.2136732089931779,0.36191001807997153,28
D049,고밀도+의도행동 적음,토스 관측,24,0,0.0,False,1,0,24,0.0,0.21644233453674083,0.1424334605539122,0.17589972246840074,0.21644233453674083,66
D050,고밀도+의도행동 많음,토스 관측,50,21,0.42,False,1,21,50,0.42,0.6254835066246557,0.7996868232107356,0.5543244130071617,0.6254835066246557,15
D051,고밀도+의도행동 적음,토스 관측,21,0,0.0,False,1,0,21,0.0,0.22222639458674895,0.15492468558455352,0.17313194965350948,0.22222639458674895,62
D052,저밀도+의도행동 없음,메인·웹만,6,0,0.0,False,0,0,6,0.0,0.2203940749923423,0.29534730193529035,0.23631488635565392,0.2203940749923423,63
D053,저밀도+의도행동 없음,메인·웹만,16,0,0.0,False,0,0,16,0.0,0.15134593676041855,0.1708430074427045,0.10976930466230496,0.15134593676041855,71
D054,저밀도+의도행동 없음,메인·웹만,3,0,0.0,False,0,0,3,0.0,0.03933755246884113,0.04577626159493186,0.03154877597362393,0.03933755246884113,93
D055,고밀도+의도행동 적음,토스 관측,29,4,0.1379310344827586,False,1,4,29,0.1379310344827586,0.5397695740817336,0.5716815609730694,0.505225619922052,0.5397695740817336,19
D056,저밀도+의도행동 없음,메인·웹만,5,0,0.0,False,0,0,5,0.0,0.24883705024924627,0.21520894348195527,0.21251103419438547,0.24883705024924627,43
D057,저밀도+의도행동 없음,토스 관측,18,0,0.0,False,1,0,18,0.0,0.3522751747150201,0.33126399779776305,0.3040149616300678,0.3522751747150201,30
D058,고밀도+의도행동 많음,토스 관측,26,7,0.2692307692307692,False,1,7,26,0.2692307692307692,0.15747529248736172,0.12221179566444439,0.12265117203284738,0.15747529248736172,69
D059,저밀도+의도행동 없음,토스 관측,13,0,0.0,False,1,0,13,0.0,0.37527284039030157,0.3519784076321436,0.30523291410268466,0.37527284039030157,27
D060,저밀도+의도행동 없음,토스 관측,18,0,0.0,False,1,0,18,0.0,0.33508448942105445,0.3148670626583741,0.28301367218240736,0.33508448942105445,31
D061,저밀도+의도행동 없음,메인·웹만,8,0,0.0,False,0,0,8,0.0,0.6645636050740257,0.5460383504050172,0.6552015273061823,0.6645636050740257,12
D062,저밀도+의도행동 없음,토스 관측,12,0,0.0,False,1,0,12,0.0,0.08840516805232314,0.08104768994267372,0.058683780733633804,0.08840516805232314,76
D063,저밀도+의도행동 없음,메인·웹만,4,0,0.0,False,0,0,4,0.0,0.08109642947645057,0.07914852842028341,0.041432049986144526,0.08109642947645057,83
D064,저밀도+의도행동 없음,토스 관측,12,0,0.0,False,1,0,12,0.0,0.2431729337408715,0.2547774141275822,0.1940669596464094,0.2431729337408715,45
D065,저밀도+의도행동 없음,메인·웹만,6,0,0.0,False,0,0,6,0.0,0.22414451547807787,0.31142333763848934,0.24483224209523793,0.22414451547807787,61
D066,저밀도+의도행동 없음,토스 관측,16,0,0.0,False,1,0,16,0.0,0.23147681545976542,0.2451463393902075,0.19345068628220624,0.23147681545976542,56
D067,고밀도+의도행동 적음,토스 관측,61,5,0.081967213114754,False,1,5,61,0.081967213114754,0.7585490239168073,0.7994026002106993,0.7240196864126841,0.7585490239168073,9
D068,고밀도+의도행동 많음,토스 관측,90,38,0.4222222222222222,False,1,38,90,0.4222222222222222,0.7391481159141442,0.6038416241421651,0.6863797808306873,0.7391481159141442,10
D069,저밀도+의도행동 없음,토스 관측,11,0,0.0,False,1,0,11,0.0,0.25024273657523893,0.2614810940442983,0.19795133270131365,0.25024273657523893,42
D070,저밀도+의도행동 없음,토스 관측,13,0,0.0,False,1,0,13,0.0,0.3271872512081033,0.26727965553552857,0.22012103257554766,0.3271872512081033,34
D071,저밀도+의도행동 없음,메인·웹만,5,0,0.0,False,0,0,5,0.0,0.2418388549791037,0.20898089213076548,0.2473947451586246,0.2418388549791037,47
D072,고밀도+의도행동 적음,메인·웹만,28,0,0.0,True,0,0,28,0.0,0.979807821602268,0.9731897029678201,0.9806876759413313,0.979807821602268,2
D073,저밀도+의도행동 없음,메인·웹만,6,0,0.0,False,0,0,6,0.0,0.23315219654926733,0.3082119026158444,0.2490071677102046,0.23315219654926733,55
D074,고밀도+의도행동 적음,토스 관측,20,2,0.1,False,1,2,20,0.1,0.24286394033469985,0.16679336908329945,0.1808879002506265,0.24286394033469985,46
D075,저밀도+의도행동 없음,메인·웹만,5,0,0.0,False,0,0,5,0.0,0.23753376123860673,0.2086455206959089,0.23786368366767385,0.23753376123860673,51
D076,고밀도+의도행동 많음,토스 관측,52,7,0.1346153846153846,False,1,7,52,0.1346153846153846,0.661482494319471,0.6946322717288109,0.6277746488151721,0.661482494319471,13
D077,저밀도+의도행동 없음,메인·웹만,7,0,0.0,False,0,0,7,0.0,0.4687124486484926,0.3632229252683888,0.467242659645517,0.4687124486484926,21
D078,저밀도+의도행동 없음,메인·웹만,5,0,0.0,False,0,0,5,0.0,0.23778713836737084,0.20860702868400097,0.3442852930704651,0.23778713836737084,50
D079,고밀도+의도행동 많음,토스 관측,49,15,0.3061224489795918,False,1,15,49,0.3061224489795918,0.5157914392182547,0.2661612453805574,0.49940097787722315,0.5157914392182547,20
D080,고밀도+의도행동 적음,토스 관측,23,3,0.1304347826086956,False,1,3,23,0.1304347826086956,0.2912859739156177,0.35663917784713106,0.25386177035230767,0.2912859739156177,36
D081,저밀도+의도행동 없음,메인·웹만,6,0,0.0,False,0,0,6,0.0,0.21904866607979906,0.2984395557307128,0.1965912814394519,0.21904866607979906,64
D082,저밀도+의도행동 없음,메인·웹만,4,0,0.0,False,0,0,4,0.0,0.0810261145226174,0.0793032994780615,0.0650067540282895,0.0810261145226174,84
D083,저밀도+의도행동 없음,메인·웹만,5,0,0.0,False,0,0,5,0.0,0.0736131741569916,0.12443650702269445,0.05367340636837313,0.0736131741569916,90
D084,고밀도+의도행동 많음,토스 관측,51,17,0.3333333333333333,False,1,17,51,0.3333333333333333,0.36122416068589464,0.10741661705183646,0.2845972806495983,0.36122416068589464,29
D085,저밀도+의도행동 없음,메인·웹만,4,0,0.0,False,0,0,4,0.0,0.07865210184609445,0.07750059623172889,0.06324823036156146,0.07865210184609445,86
D086,저밀도+의도행동 없음,토스 관측,19,0,0.0,False,1,0,19,0.0,0.3754852892108088,0.3047753437838478,0.26762361497513065,0.3754852892108088,26
D087,저밀도+의도행동 없음,메인·웹만,3,0,0.0,False,0,0,3,0.0,0.039747615064803204,0.04623083839673167,0.03230028724224245,0.039747615064803204,91
D088,저밀도+의도행동 없음,토스 관측,14,0,0.0,False,1,0,14,0.0,0.2297689545267784,0.23939405380684345,0.18645004842396554,0.2297689545267784,58
D089,고밀도+의도행동 적음,토스 관측,28,4,0.1428571428571428,False,1,4,28,0.1428571428571428,0.3287528707137481,0.2481032908623943,0.2969284714865546,0.3287528707137481,33
D090,고밀도+의도행동 많음,토스 관측,58,18,0.3103448275862069,False,1,18,58,0.3103448275862069,0.6176797270366391,0.24004148354206767,0.530325187273657,0.6176797270366391,16
D091,저밀도+의도행동 없음,토스 관측,12,0,0.0,False,1,0,12,0.0,0.24140725655562292,0.25096168226267407,0.1921198374862864,0.24140725655562292,48
D092,저밀도+의도행동 없음,토스 관측,6,0,0.0,False,1,0,6,0.0,0.15780354837630559,0.12364905808232189,0.08457080981454952,0.15780354837630559,68
D093,저밀도+의도행동 있음,토스 관측,19,1,0.0526315789473684,False,1,1,19,0.0526315789473684,0.2830606697732708,0.24340140075788927,0.2399178192077866,0.2830606697732708,37
D094,저밀도+의도행동 없음,메인·웹만,5,0,0.0,False,0,0,5,0.0,0.2443243751915198,0.20995256824306108,0.13909250522374095,0.2443243751915198,44
D095,저밀도+의도행동 없음,메인·웹만,5,0,0.0,False,0,0,5,0.0,0.25915873815500423,0.2238489544126056,0.15127967345767043,0.25915873815500423,40
