device_label,split_segment,channel_segment,early_tracked_events,early_actions,deliberate_share,later_active,logistic_selected,complement_nb_alpha_0_1,complement_nb_alpha_0_5,complement_nb_alpha_1_0,bernoulli_nb_alpha_0_5,bernoulli_nb_alpha_1_0,gaussian_nb,decision_tree_depth_1,decision_tree_depth_2,extra_trees_shallow
D001,고밀도+의도행동 많음,토스 관측,184,111,0.6032608695652174,True,0.9725880418994833,1.0,1.0,1.0,0.9999985317819546,0.9999965682397284,1.0,0.735844797215618,0.8143066469733066,0.6864623789433497
D002,고밀도+의도행동 많음,메인·웹만,41,7,0.1707317073170731,True,0.8588134485495944,8.538754343763664e-10,6.496534597439556e-10,4.942151524364499e-10,0.9998255726945685,0.9997811492669874,0.6999999999997146,0.5962463558774302,0.6396363293677727,0.46507774216179654
D003,저밀도+의도행동 없음,메인·웹만,4,0,0.0,False,0.06049079678473232,0.00029335014225492025,0.00029530607188960474,0.0002977813374088767,1.331347919263989e-07,7.21833650098387e-07,1.9961671487148178e-15,0.09766939430251677,0.0,0.11130385393264632
D004,저밀도+의도행동 없음,메인·웹만,4,0,0.0,False,0.056154476276821214,0.00019818289668376503,0.00020017939686725099,0.00020269902067852536,1.6701088896683798e-07,9.007830584027706e-07,1.2774932878798925e-14,0.08641169121201318,0.0015094339622641509,0.11343147235396236
D005,저밀도+의도행동 없음,메인·웹만,3,0,0.0,False,0.03187224033332599,0.001231303732746882,0.001243447914369771,0.0012587487119322654,2.697881114656658e-07,8.304946509104928e-07,1.360428012092394e-14,0.09249173942327384,0.0,0.11459052096388074
D006,저밀도+의도행동 없음,토스 관측,7,0,0.0,False,0.12303153456210306,2.3285967245189407e-06,2.595358595064846e-06,2.9071197950285797e-06,5.449923519195828e-06,1.0066194250143334e-05,6.037351315347156e-11,0.09699149512697787,0.0577922077922078,0.16841001484433615
D007,저밀도+의도행동 없음,메인·웹만,5,0,0.0,False,0.10207183624702078,2.8578085294648694e-05,2.88903851380784e-05,2.9285703903846738e-05,4.872704392180763e-07,1.3885839989523364e-06,1.1540522943486903e-13,0.09954057098856586,0.016930309383139573,0.12638977226645998
D008,고밀도+의도행동 많음,토스 관측,230,100,0.4347826086956521,True,0.9015541273996086,0.9800164999949992,0.9999999997885061,0.9999999999999863,0.9999982669205132,0.9999973334573802,0.8,0.43063725294237415,0.5304545310416896,0.6584351668519155
D009,고밀도+의도행동 많음,토스 관측,165,88,0.5333333333333333,True,0.9567096957245355,1.0,1.0,1.0,0.9999993519129795,0.9999991580185993,0.22,0.7670931960051015,0.862913194941882,0.7201010066249457
D010,저밀도+의도행동 없음,메인·웹만,5,0,0.0,False,0.16629818266863544,0.0001013393432166498,0.00010191230711761953,0.00010263205030130971,5.007190719257702e-06,7.600628097048189e-06,3.0012515833802028e-12,0.08952668111850316,0.02708415553698573,0.16900363957885797
D011,고밀도+의도행동 많음,토스 관측,310,219,0.7064516129032258,True,0.9916517801531503,1.0,1.0,1.0,0.9999993626939805,0.9999987376725463,1.0,0.2807947551187585,0.537162349793148,0.6776242160975599
D012,고밀도+의도행동 적음,메인·웹만,29,3,0.1034482758620689,False,0.15393850033622813,1.0484215691512812e-08,9.748855410029688e-09,9.12401967556728e-09,0.9942525681915854,0.99234151464591,0.43183099793100077,0.27834024112923833,0.26335050532446574,0.3865051780152713
D013,고밀도+의도행동 많음,토스 관측,143,76,0.5314685314685315,True,0.9806317195815314,1.0,1.0,1.0,0.9999999586034104,0.9999999007235151,1.0,0.34338357702601613,0.578813353904767,0.6598212548345208
D014,저밀도+의도행동 없음,토스 관측,13,0,0.0,False,0.3019385006578711,8.214384898428369e-08,8.613981228578084e-08,9.031903237099364e-08,0.0008298169871621702,0.000593561738289458,1.1320261563098165e-05,0.08267922486270043,0.015367965367965369,0.24158894680310009
D015,저밀도+의도행동 없음,토스 관측,6,0,0.0,False,0.08284323957965016,5.106167677404251e-06,6.74415398560267e-06,8.675821952769442e-06,4.562779938813849e-06,9.07157541783006e-06,1.167188735698825e-13,0.09099751605852965,0.001379310344827586,0.16125765469778025
D016,고밀도+의도행동 많음,토스 관측,87,47,0.5402298850574713,False,0.21303115938645414,1.0,1.0,1.0,0.999988508982576,0.9999616272693918,1.0,0.5543913997334304,0.7089561711139659,0.6259717213164744
D017,저밀도+의도행동 없음,토스 관측,19,0,0.0,False,0.24856676887000628,1.2547810727260768e-09,1.3578692529982584e-09,1.4746696018539875e-09,0.003912039573324142,0.0027628373631140247,0.019689380810705683,0.3644641189600542,0.28643105639985444,0.30207689272181615
D018,고밀도+의도행동 적음,토스 관측,20,0,0.0,True,0.29587867316197136,1.032540309657582e-08,1.159523955308919e-08,1.3056539082527207e-08,4.318376304779876e-05,4.104226095233336e-05,1.1163466450153638e-05,0.3886535659811432,0.260497838509742,0.2233128138152721
D019,저밀도+의도행동 없음,토스 관측,19,0,0.0,True,0.6383676236295873,1.0148735081431713e-10,1.0183653481899934e-10,1.0242610920883466e-10,0.0001381198646117938,0.00011846796077782556,0.030392950463505364,0.05821592543914294,0.0638136003781165,0.26099783708311114
D020,저밀도+의도행동 없음,메인·웹만,6,0,0.0,False,0.22428113611444847,1.7554464507558924e-05,1.7795225735751877e-05,1.8099047364171847e-05,0.00024559304940703836,0.00019301307648200122,3.916489232497417e-11,0.08856605608182092,0.09548765139229534,0.2373103787674219
D021,저밀도+의도행동 없음,토스 관측,11,0,0.0,False,0.12876778851522958,6.524709860934589e-07,6.510147278279191e-07,6.492246403781769e-07,0.00018326714258417188,0.00013489190274490308,0.0001629958110127204,0.09586332476199341,0.019145457739457954,0.22727000641921777
D022,저밀도+의도행동 없음,메인·웹만,6,0,0.0,False,0.20906402694744228,5.714177570788886e-05,5.699918417702736e-05,5.6824676815367914e-05,0.0004768037946880798,0.0003463588328355014,3.757741496925123e-09,0.06995932094939362,0.06377158615602552,0.22922154670878847
D023,저밀도+의도행동 없음,메인·웹만,10,0,0.0,False,0.6646823166662899,2.44498878777178e-05,2.4255338990077495e-05,2.402157525614263e-05,0.000546267220121273,0.00040157996724183784,0.002089799465800851,0.6593566961042928,0.7301760275107063,0.3365822416186309
D024,저밀도+의도행동 없음,메인·웹만,5,0,0.0,False,0.15536792683972442,2.3935314197932304e-05,2.4373440992678046e-05,2.4927581102422275e-05,5.648140299969754e-07,1.684474795356092e-06,1.8517266729021308e-13,0.08595881260435975,0.010893246187363835,0.14143564753156984
D025,저밀도+의도행동 없음,메인·웹만,5,0,0.0,False,0.16565738028746693,7.14343341044889e-05,7.195696161283108e-05,7.261620111996078e-05,9.951888496174156e-07,2.780159337947624e-06,1.4113235558336834e-11,0.09240075478946454,0.01790352686904411,0.1438725568193991
D026,저밀도+의도행동 없음,메인·웹만,7,0,0.0,True,0.12255245961548683,9.565378506438519e-06,9.754328702955832e-06,9.992187986029778e-06,1.8016499752934316e-05,1.9685369481139886e-05,5.472785476516766e-14,0.09378197938633752,0.041926057430701394,0.21494754766015092
D027,저밀도+의도행동 없음,메인·웹만,4,0,0.0,False,0.060093782889505024,0.0002471484624528937,0.0002488016077385423,0.0002509011486888959,2.707740142171991e-07,8.232731855988966e-07,2.023073367373548e-14,0.09478225143779576,0.0014814814814814814,0.11228891188997178
D028,저밀도+의도행동 없음,메인·웹만,6,0,0.0,False,0.24918257899384727,5.462268626537274e-05,5.462854726155571e-05,5.4638773317244985e-05,0.00040751414190813334,0.000304956997905178,4.353224448925526e-07,0.09927913730666894,0.10385424681411053,0.2515302511519153
D029,저밀도+의도행동 없음,메인·웹만,4,0,0.0,False,0.05741665383516332,0.0002629688030613893,0.00026431620256368475,0.00026604239694081564,6.360094511947338e-08,3.6011335777572576e-07,7.405451212786548e-16,0.08976763082136241,0.001379310344827586,0.09238947301540383
D030,저밀도+의도행동 없음,메인·웹만,19,0,0.0,False,0.18917846304051367,1.0613298800564733e-08,1.0153308887188593e-08,9.614687094261137e-09,0.0016762874360716975,0.0011068991482724218,6.682411320761882e-07,0.14114876734555068,0.13980105722539796,0.2931835547764829
D031,저밀도+의도행동 없음,토스 관측,14,0,0.0,False,0.17257012515037842,2.912071619678183e-08,3.1512958865230006e-08,3.417266633574803e-08,0.0005372307286757596,0.0003826056604595289,3.426807358616824e-07,0.1008017533294041,0.007865796831314074,0.22979410230591096
D032,고밀도+의도행동 많음,토스 관측,33,7,0.2121212121212121,False,0.07011092544798625,1.92015812031443e-07,2.0236127336363826e-07,2.150784555657486e-07,0.9394688932749805,0.9223937333512668,0.3320991318510742,0.22517978720364343,0.12650162662503858,0.3534605730444747
D033,저밀도+의도행동 없음,메인·웹만,4,0,0.0,False,0.05736124534920701,0.00033389356921046705,0.00033557867618597636,0.0003377191808916944,1.9836934383006129e-07,1.0397230386451976e-06,1.4527713061255132e-14,0.09224771803813221,0.0,0.1097821252265361
D034,저밀도+의도행동 없음,메인·웹만,4,0,0.0,False,0.05811768731338027,0.0002417867581679644,0.00024322521963563505,0.0002450575601712876,4.0629471076660013e-07,1.192157975597369e-06,1.4772969409138542e-14,0.09484742604477497,0.0015094339622641509,0.11683249093071904
D035,고밀도+의도행동 많음,토스 관측,50,9,0.18,False,0.22845775071591765,0.0025516650396135475,0.0020604184396784196,0.0016147866069171088,0.9990120923522819,0.998113880511103,0.40174843955532646,0.2850251717538348,0.17738911208643715,0.47277249242423464
D036,저밀도+의도행동 없음,메인·웹만,4,0,0.0,False,0.05777853392505998,0.00020542045007405015,0.00020697172913138344,0.00020893603925600343,2.8766077665129934e-07,8.580800889120665e-07,1.0821964810211428e-11,0.10056532803973789,0.0029380053908355797,0.1118482846657547
D037,저밀도+의도행동 없음,메인·웹만,3,0,0.0,False,0.030227740714708504,0.002282602170972256,0.0022909814663212183,0.0023016474121126122,2.546904540781141e-07,1.3057789793924906e-06,2.0159048175416232e-11,0.08528027159188889,0.0014814814814814814,0.1132259255435159
D038,저밀도+의도행동 없음,메인·웹만,3,0,0.0,False,0.03104109268486555,0.0015061566433449442,0.0015182701763934753,0.0015335335515213528,1.5252720558354368e-07,8.073718811088867e-07,2.011731373512922e-11,0.08667398088168417,0.0,0.11255874956313253
D039,저밀도+의도행동 있음,토스 관측,19,1,0.0526315789473684,False,0.20460885592263112,2.839286413186518e-07,2.6729825796169145e-07,2.481520603797e-07,0.4110110664007831,0.3195923500666769,0.008477058239117315,0.16947051850978967,0.05355148119854002,0.2793553836541692
D040,저밀도+의도행동 없음,메인·웹만,4,0,0.0,False,0.0589362418091252,0.0001751689571714144,0.00017702331666940327,0.00017936484954409184,2.5038039144148716e-07,7.827505374464559e-07,2.147442155837245e-15,0.08582196001437517,0.0014814814814814814,0.11333613587028825
D041,고밀도+의도행동 적음,메인·웹만,103,1,0.0097087378640776,True,0.8065620129705166,9.153383537574855e-43,3.947088998354089e-41,2.5230029581280317e-39,0.13191410458302427,0.09995659301324512,0.8367959983368982,0.551216328086727,0.40336511795806596,0.42650987517832656
D042,저밀도+의도행동 없음,메인·웹만,18,0,0.0,False,0.1536667831075993,8.919398359999894e-10,9.003310195633024e-10,9.104767850416032e-10,0.00016974233923127574,0.00014816659756415566,2.6971542615244068e-06,0.33252557323869036,0.24677106579604435,0.2746044451787204
D043,저밀도+의도행동 없음,메인·웹만,5,0,0.0,False,0.10015505433312459,0.00011137854256791183,0.00011088243346260358,0.0001103976790713749,6.473467697140096e-06,1.712146117090979e-05,1.7234543598283003e-11,0.09648623028455094,0.12780418411997357,0.17139988868407904
D044,고밀도+의도행동 많음,토스 관측,42,14,0.3333333333333333,True,0.7414976620273311,0.33972360539656143,0.30815117850558804,0.29300103631332225,0.9987806961954466,0.9975693491295453,0.9999999988079071,0.6339492565387829,0.5968327767100187,0.46664603896777446
D045,저밀도+의도행동 없음,메인·웹만,5,0,0.0,False,0.16632871270899824,4.13346038827868e-05,4.193519398809526e-05,4.2691714167498944e-05,8.329084253581778e-07,2.461172745688066e-06,6.1890717371935984e-12,0.10849387548773336,0.004419486872317061,0.14899517463803577
D046,고밀도+의도행동 많음,토스 관측,111,55,0.4954954954954955,False,0.22701717789310202,1.0,1.0,1.0,0.9999558325921835,0.999935067167162,0.94,0.4982013193514235,0.6077640269862749,0.6887933624902135
D047,저밀도+의도행동 없음,메인·웹만,4,0,0.0,False,0.05831572149724384,0.0002538314811046222,0.00025527011418024603,0.0002570975173300053,1.1202362685612512e-07,6.160311664903044e-07,2.097946462582185e-15,0.09710937688099122,0.002990915443745632,0.1122283866334237
D048,저밀도+의도행동 없음,메인·웹만,6,0,0.0,False,0.21857501929099565,2.3358720392448866e-05,2.330492908846951e-05,2.3241448455093773e-05,2.2881154001442558e-06,3.5330403986080923e-06,2.6822441027219698e-11,0.08233013293036218,0.02925809822361546,0.1573216065288102
D049,고밀도+의도행동 적음,토스 관측,24,0,0.0,False,0.08598926741147694,1.7904323853017589e-10,2.399363082159736e-10,3.2355326300320327e-10,0.0011247316234880879,0.0010065795136517087,0.019963632953342338,0.39585223236383593,0.4360465252151873,0.3119706190363427
D050,고밀도+의도행동 많음,토스 관측,50,21,0.42,False,0.7648022425802269,0.999999994300292,0.9999999637184849,0.9999999054453222,0.9996665820449294,0.9990279111450902,1.0,0.40486952251657726,0.3911084825201502,0.5446274889800357
D051,고밀도+의도행동 적음,토스 관측,21,0,0.0,False,0.10441880825584944,1.1979946475128775e-09,1.6241151355005953e-09,2.2230019803429503e-09,0.0002967626063153572,0.00026753113304500074,0.019767609997787997,0.3891995809156883,0.448576556923024,0.30357246833842183
D052,저밀도+의도행동 없음,메인·웹만,6,0,0.0,False,0.2271847388151146,5.2465528792724594e-05,5.270271559410442e-05,5.299039520881582e-05,0.00032581212598186316,0.000251802676398036,1.8624071305566068e-09,0.0852402850736517,0.07327123856535621,0.24366145555520974
D053,저밀도+의도행동 없음,메인·웹만,16,0,0.0,False,0.12256660744441916,2.6849581610674523e-07,2.576209621443116e-07,2.448151548832336e-07,0.00013667648811498606,0.00010300289377220382,0.0009972267143483014,0.10440227639624398,0.006486486486486487,0.23872164288720554
D054,저밀도+의도행동 없음,메인·웹만,3,0,0.0,False,0.03190599794038833,0.0012669290141116903,0.0012792821446539612,0.0012948359735390849,1.0371655111409989e-07,5.69392013500802e-07,2.011113049988983e-11,0.08600959171163085,0.004419486872317061,0.10795331020087681
D055,고밀도+의도행동 적음,토스 관측,29,4,0.1379310344827586,False,0.4643394559981519,2.43737334417042e-06,2.108375559888947e-06,1.7870034910822078e-06,0.9961331481660107,0.9927085325695763,0.4457340532350775,0.5096603999532084,0.5225253930545946,0.42679296682828727
D056,저밀도+의도행동 없음,메인·웹만,5,0,0.0,False,0.16468410735316535,0.00010877027288573424,0.00010918666287806873,0.00010971719134395885,1.2090293395039139e-06,3.377472594056677e-06,7.255987816973079e-12,0.08874360265310104,0.007272727272727273,0.14481602470663216
D057,저밀도+의도행동 없음,토스 관측,18,0,0.0,False,0.24299823168129972,2.0864469429632095e-09,2.1540398021629128e-09,2.2183195933213972e-09,0.0037539343031743346,0.0026574427342114016,0.00022403002002012538,0.3709767206494046,0.26855851671926056,0.30222021353764417
D058,고밀도+의도행동 많음,토스 관측,26,7,0.2692307692307692,False,0.07689554823655657,0.03874195915854167,0.03944396301168221,0.0399849429561483,0.4752593627569016,0.42629363081054883,0.05841193372388791,0.2201745597823808,0.19070162552267816,0.3589431266714739
D059,저밀도+의도행동 없음,토스 관측,13,0,0.0,False,0.28188430635826295,1.455316129468662e-07,1.6146976806794648e-07,1.7856608533931227e-07,0.000804790965138824,0.0005706354598754947,0.003556517834440214,0.08822588229728671,0.05406719548554292,0.22921340875260188
D060,저밀도+의도행동 없음,토스 관측,18,0,0.0,False,0.24601372941132738,1.840193752842788e-08,1.8813423252976445e-08,1.904537982851962e-08,0.004857531145831939,0.0033659685840918083,0.00021399678246245276,0.3922331434400998,0.310361102627221,0.30203515012558524
D061,저밀도+의도행동 없음,메인·웹만,8,0,0.0,False,0.5057866769814763,2.1555815712977063e-05,2.1691078275672605e-05,2.185933074320428e-05,6.154875999911144e-06,9.159415013110291e-06,3.618364593426062e-08,0.6252410500744102,0.6525009808570313,0.23576898871709343
D062,저밀도+의도행동 없음,토스 관측,12,0,0.0,False,0.054181236163158265,5.323894189938074e-09,6.5615399049349836e-09,8.248132441286195e-09,0.0001456061859627525,0.0001361258636576786,2.3153581728926315e-12,0.081355905948639,0.021370533451846613,0.21873329334985597
D063,저밀도+의도행동 없음,메인·웹만,4,0,0.0,False,0.05815663232496642,0.00034278166356547547,0.0003436865911096451,0.0003448679077077924,3.379814842635293e-07,1.0059292118518434e-06,4.922878935898918e-16,0.08683922467380084,0.00291005291005291,0.11221696450644926
D064,저밀도+의도행동 없음,토스 관측,12,0,0.0,False,0.20087147928606416,4.3533792796649745e-07,4.869118331784237e-07,5.422002496759768e-07,0.0007841323391411327,0.0005592220116871582,0.0019243754264241528,0.07889958318790267,0.001379310344827586,0.22680904839817032
D065,저밀도+의도행동 없음,메인·웹만,6,0,0.0,False,0.23445906525683405,3.8633915118742714e-05,3.84567210298205e-05,3.827895855036491e-05,0.0003358958828668201,0.00025195134289350877,4.322587691790132e-07,0.10360315431556084,0.11175881797618609,0.24309486427506344
D066,저밀도+의도행동 없음,토스 관측,16,0,0.0,False,0.1966520792479461,1.0313126781269003e-08,1.1060963673130028e-08,1.1878192950198401e-08,0.0006950836424747998,0.0004912743029478568,3.1211620043479906e-07,0.09793976488881506,0.016235404829405043,0.2513221069727596
D067,고밀도+의도행동 적음,토스 관측,61,5,0.081967213114754,False,0.7244537133631554,1.2544402721942416e-09,1.6168072137865581e-09,2.100336853610881e-09,0.9969859414692133,0.9964756159765445,0.6599881661255967,0.764660365868665,0.7074245331182949,0.5226267413989785
D068,고밀도+의도행동 많음,토스 관측,90,38,0.4222222222222222,False,0.5099493123814216,0.8993452262805485,0.9000155124473593,0.9343634712390532,0.9999907051834501,0.9999863095286874,0.8999999999999762,0.8083962915309227,0.857261648378659,0.6815794212123497
D069,저밀도+의도행동 없음,토스 관측,11,0,0.0,False,0.2093173497829747,1.7109007466754513e-06,1.8118462436675277e-06,1.9153423563337924e-06,0.0007531096533842403,0.0005483874718250316,1.717864557082136e-07,0.09426924273054418,0.012802275960170697,0.2311337629456464
D070,저밀도+의도행동 없음,토스 관측,13,0,0.0,False,0.1883134799727501,1.9738093865062648e-09,4.690184810647343e-09,7.75358675875451e-09,0.00013898135860853855,0.00013750533635632686,1.0764100510795623e-11,0.38781506532062965,0.4193652547149857,0.26138328540918354
D071,저밀도+의도행동 없음,메인·웹만,5,0,0.0,False,0.1669655441051624,9.293454359556303e-05,9.354323195644062e-05,9.430704929850297e-05,4.6301868796074316e-06,7.106588067992796e-06,1.124133487386373e-11,0.10390106350850944,0.02007843137254902,0.16936594620683076
D072,고밀도+의도행동 적음,메인·웹만,28,0,0.0,True,0.9740163301975029,7.33868522939412e-13,8.054484736436025e-13,9.017772711367658e-13,1.7330781827169698e-05,1.905273385544774e-05,0.4530422224281578,0.45461504734473296,0.586905512796952,0.32798792395762844
D073,저밀도+의도행동 없음,메인·웹만,6,0,0.0,False,0.2409650348814163,6.702535138472644e-05,6.690502532870354e-05,6.676273604571526e-05,0.0005006737320797205,0.00036997059632868127,5.004451268413163e-09,0.0891021733255665,0.11122000867522842,0.251754571428797
D074,고밀도+의도행동 적음,토스 관측,20,2,0.1,False,0.10575942645978126,7.816046559334562e-09,9.2208871205567e-09,1.0813379557240064e-08,0.2234906989868329,0.20864584817358123,1.6651404350383939e-09,0.4221554854878847,0.4814281761831454,0.34045499384430966
D075,저밀도+의도행동 없음,메인·웹만,5,0,0.0,False,0.17624863725047873,8.035764730981225e-05,8.083309691452461e-05,8.143164640943252e-05,4.000538812295445e-06,6.187128853351728e-06,1.3300823568657054e-13,0.10059217866997339,0.019594544888662534,0.1678673548661292
D076,고밀도+의도행동 많음,토스 관측,52,7,0.1346153846153846,False,0.5912251539739917,6.018198042345474e-09,7.839059367691196e-09,1.029438064578351e-08,0.9998344445664792,0.9998416785215904,0.6196029403328334,0.7727114727231179,0.8264239529786351,0.5547621239601015
D077,저밀도+의도행동 없음,메인·웹만,7,0,0.0,False,0.30296620218851805,1.761061449356803e-05,1.7640740173061907e-05,1.7681152714669743e-05,3.7023124635827113e-06,5.636739131142921e-06,4.858302437693912e-10,0.4143851314460872,0.38863137684216653,0.1745553250426574
D078,저밀도+의도행동 없음,메인·웹만,5,0,0.0,False,0.1753091537651642,6.962275746804474e-05,6.984438317249824e-05,7.01321989975812e-05,6.382611213839573e-06,9.596209558988188e-06,2.9415144897217018e-09,0.09817634415135068,0.008888888888888889,0.1752748695414949
D079,고밀도+의도행동 많음,토스 관측,49,15,0.3061224489795918,False,0.20737196486756584,8.257519703789002e-05,9.132257091104605e-05,0.00010094425382978694,0.9986014511861382,0.9975796723285627,0.976857313222817,0.47166705970956324,0.5577965647625058,0.49984113646829187
D080,고밀도+의도행동 적음,토스 관측,23,3,0.1304347826086956,False,0.2751861232297492,5.950863361881547e-07,5.46039602266865e-07,4.94062079970698e-07,0.9992557529030713,0.9985059157515049,0.38737589965320746,0.2669957077706194,0.18040054248442086,0.365455095440139
D081,저밀도+의도행동 없음,메인·웹만,6,0,0.0,False,0.24666577286942154,4.853206746284267e-05,4.828316383706159e-05,4.801639560218333e-05,0.00010207943250774337,0.00013995344317445564,2.6663390205270513e-09,0.10852151522521364,0.0745881730778756,0.23267762933268124
D082,저밀도+의도행동 없음,메인·웹만,4,0,0.0,False,0.056689565789763356,0.0002643256980019474,0.00026480491829868774,0.00026545620157841473,1.3694198070719172e-07,7.234138027456858e-07,8.130026273177933e-15,0.09274179418725245,0.0014814814814814814,0.11082553050418503
D083,저밀도+의도행동 없음,메인·웹만,5,0,0.0,False,0.09854452848908588,7.464227542039475e-05,7.517636890429605e-05,7.584533015153213e-05,4.974756372610156e-06,1.3338601196020316e-05,7.2606435634894474e-12,0.09858886491620514,0.0970858518846135,0.16136278884175018
D084,고밀도+의도행동 많음,토스 관측,51,17,0.3333333333333333,False,0.0651628435932734,0.028856997295989884,0.02911713559131178,0.029386700882670508,0.9216565447979417,0.9058658931890904,0.7339483453756506,0.20919155924614816,0.19722936073845218,0.4243056022808126
D085,저밀도+의도행동 없음,메인·웹만,4,0,0.0,False,0.05871207365299481,0.0002801741424382185,0.0002815812494228586,0.0002833790814543795,3.922603118491481e-07,1.1368587011972942e-06,1.9942583341381356e-14,0.08209275724751272,0.0015094339622641509,0.11300394227182846
D086,저밀도+의도행동 없음,토스 관측,19,0,0.0,False,0.22036623796706536,1.8813694109883937e-09,1.940726447142402e-09,1.9917293963911643e-09,0.001938814987632343,0.0015868208200389255,7.477296941819067e-07,0.412796385048468,0.2742559664093653,0.294721722615083
D087,저밀도+의도행동 없음,메인·웹만,3,0,0.0,False,0.0318534460399632,0.0014733498296933022,0.0014854867654301984,0.0015007706461907168,1.3733905238289255e-07,7.416475452200968e-07,7.399983430169738e-15,0.1018499552858576,0.0014285714285714286,0.11047945830864521
D088,저밀도+의도행동 없음,토스 관측,14,0,0.0,False,0.19342506768608186,4.859793861669602e-08,5.138556774243388e-08,5.4211056576529805e-08,0.0006053310009629365,0.00043407726919569774,0.002244985005022711,0.0997052101362931,0.008540305010893246,0.23548932403018777
D089,고밀도+의도행동 적음,토스 관측,28,4,0.1428571428571428,False,0.16051370942937854,9.466715341646717e-09,1.0883222910057567e-08,1.2486211489336182e-08,0.7695816984276362,0.6991676539020976,0.08241960508079661,0.1645752862133248,0.1076809232916482,0.29923033925103715
D090,고밀도+의도행동 많음,토스 관측,58,18,0.3103448275862069,False,0.1713718607209797,0.027843660796761815,0.026477833474705493,0.02508006701711246,0.9999629055193356,0.9999454934424056,0.8799999998226393,0.5135947681779619,0.5120993681265051,0.5750126499740105
D091,저밀도+의도행동 없음,토스 관측,12,0,0.0,False,0.19057657132526695,6.975005770086869e-07,7.340236328825357e-07,7.694704345123385e-07,0.0006735546456503712,0.0004810507793773286,5.134325806341122e-07,0.0981563237986431,0.008540305010893246,0.2175706495608369
D092,저밀도+의도행동 없음,토스 관측,6,0,0.0,False,0.08665544843442045,2.699631431723156e-06,3.0615890019694574e-06,3.5036685037972103e-06,4.2110128632025465e-06,8.21253476805608e-06,2.719936324483473e-16,0.09141483614818079,0.0014814814814814814,0.1602245633082884
D093,저밀도+의도행동 있음,토스 관측,19,1,0.0526315789473684,False,0.1655292836515908,3.592385894402512e-09,4.1712585821670385e-09,4.8614685598589905e-09,0.956888515771679,0.9307954576008085,0.0020978215963759973,0.36192552105744885,0.269014314663881,0.3440773493664902
D094,저밀도+의도행동 없음,메인·웹만,5,0,0.0,False,0.1600292284763799,3.431779631671996e-05,3.483254259343865e-05,3.548089181313376e-05,1.5878443001581042e-06,2.585670274498362e-06,1.7847496599885028e-13,0.10271538520966683,0.02129290974573993,0.13921423671306374
D095,저밀도+의도행동 없음,메인·웹만,5,0,0.0,False,0.16823566762724756,6.997176614200315e-05,7.04876173044901e-05,7.113629370300921e-05,2.4791702906988423e-06,3.869269324693551e-06,1.294502451576805e-11,0.08366935809977764,0.010666666666666666,0.14623262268582482
